countryname,countrycode,continent,gdpcap,bsc_fem,bsc_mal,bsc_tot,popdens,urbpop,co2intens,forest,natresource,femparl,drinkwater,sanitation,healthexp,healthexpcap,doctors,nurses,lifexp_fem,lifexp_tot,lifexp_mal,infmort_tot,infmort_mal,infmort_fem,suicide_mal,suicide_fem,popgrowth,birthrate,deathrate,oldagedep,sexratio,totpop,tfr,contracep,hiv,internet,mobiles,gini,top10p,povrat,povgap215,povgap685,povgap365,hom_tot,hom_fem,hom_mal,armyexp,ptemp_fem,ptemp_mal,ptemp_tot,femmanage,emprat_fem,emprat_mal,emprat_tot,emp_serv,emp_indu,emp_agri,lfp_fem,lfp_mal,unemploy
Afghanistan,AFG,Asia,555.13898,,,,58.32568,25.754,.28789973,1.852782,.69252807,27.868853,26.798956,,13.242202,285.55814,,,66.388,64.833,63.382,46.400002,49.599998,42.900002,4.5999999,3.5999999,2.3130734,31.802,6.2849998,4.7636166,1.0599999,38041756,4.3210001,,.1,.051740516,59.356018,,,,,,,,1.2856505,,1.1182306,,,,,18.533001,64.382004,42.118999,38.959999,18.549999,42.5,22.74,76.440002,11.217
Albania,ALB,Europe,4543.3867,,,,104.16756,61.229,.37246409,28.791971,1.7796652,29.508196,70.665855,47.577141,,,1.6471,5.0879998,80.200996,78.572998,77.001999,8.6000004,9.5,7.6999998,5.9000001,2.7,-.42600736,11.62,8.0819998,20.764736,1.084,2854191,1.597,,.1,15.140735,91.293015,30.799999,23.799999,46.200001,0,2.3,.1,2.2562292,.91929442,3.5451684,1.2910872,24.42,15.35,19.379999,41.299999,46.754002,59.895,53.391998,43.43,20.15,36.419998,61.459999,77.43,11.47
Algeria,DZA,Africa,4115.3955,,,,18.076296,73.189003,.96652931,.81411034,16.342045,25.757576,73.139748,17.839064,6.243371,750.44873,,,78.133003,76.879997,75.676003,20,21.299999,18.6,3.0999999,1.8,1.9339833,23.583,4.7160001,10.418294,1.05,43053056,2.9879999,44.900002,.1,8.3216839,105.5106,,,,,,,1.3262706,.43185619,2.2023327,6.0210462,,,,,13.507,61.043999,37.411999,59.990002,30.42,9.6000004,18.700001,73.589996,10.513
American Samoa,ASM,Oceania,11368.569,,,,276.56,87.147003,,85.800003,0,,98.361969,,,,,,,,,,,,,,-.2690188,,,,,55312,,,,,,,,,,,,0,,,,,,,,,,,,,,,,
Andorra,AND,Europe,39003.539,,,,164.14043,87.984001,.16616999,34.042553,0,46.42857,90.640007,100,6.711585,3716.2661,,,,,,2.5,2.7,2.2,,,.17904179,7,3.9000001,,,77146,,,,47.131264,113.95737,,,,,,,,,,,,,,,,,,,,,,,
Angola,AGO,Africa,2612.3469,,,,25.527632,66.177002,.30322811,53.872173,26.138355,30,,,2.5333595,178.02606,,,64.039001,61.146999,58.416,49.900002,55.200001,44.5,10,2.3,3.242914,40.231998,7.9809999,4.2973824,1.03,31825300,5.4419999,,1.7,.37413007,46.598637,,,,,,,,,,1.6437403,,,,,69.134003,73.943001,71.483002,42.470001,6.8000002,50.73,76.879997,79.029999,7.421
Antigua and Barbuda,ATG,North America,16786.447,,,,220.71591,24.506001,.31897616,18.59091,0,11.111111,,,4.4429598,1016.4708,,,78.103996,77.015999,75.858002,5.5999999,6,5.0999999,0,.80000001,.86144578,15.107,6.4219999,13.125373,1.03,97115,1.987,,,8.237402,189.46025,,,,,,,3.0891211,1.9894955,4.2688522,,,,,,,,,,,,,,
Argentina,ARG,South America,12712.971,,,,16.420826,91.990997,.2942389,10.480179,2.1916027,40.157482,,,9.5100708,2198.8804,,,79.995003,76.667,73.241997,8.1000004,9.1999998,7,13.7,3.3,.99339747,16.833,7.6040001,17.523174,1.04,44938712,2.247,,.40000001,19.636106,125.84211,42.900002,31,,.30000001,3.7,.89999998,5.1428432,1.7829695,8.653286,.70618665,53.23,28.91,39.5,33.099998,44.800999,64.679001,54.356998,78.099998,21.84,.059999999,59.529999,79.480003,9.8400002
Armenia,ARM,Asia,4350.4663,,,,103.88929,63.219002,.4795028,11.544784,2.2011888,23.484848,86.422966,67.762794,11.335264,1616.1779,,,78.515999,75.086998,71.327003,10.2,11.3,9.1000004,5.5999999,1.3,.20262402,13.646,9.835,16.949986,1.1059999,2957728,1.758,,,13.040537,122.34875,29.9,25.1,,.1,15.2,1.9,2.4681106,.63838249,4.5282402,4.7689686,19.860001,12.3,16.16,,36.123001,53.884998,44.195,51.200001,24.75,24.049999,50.959999,73.739998,18.299999
Aruba,ABW,South America,29769.293,,,,590.61108,43.546001,,2.3333333,,,,,,,,,78.640999,76.292999,73.767998,,,,,,.43741468,11.756,9.2049999,20.57633,1.05,106310,1.901,,,17.871588,132.62599,,,,,,,,,,,,,,,,,,,,,,,
Australia,AUS,Oceania,58781.047,35.461979,30.642269,33.09478,3.2976701,86.124001,.25923777,17.421314,5.812377,30.463575,,73.29258,9.9107857,5294.4629,,13.2416,85,82.900002,80.900002,3.2,3.4000001,2.9000001,18.6,6.4000001,1.5216537,12.1,6.6999998,24.568481,1.0549999,25365744,1.6569999,,.1,34.926521,109.25201,,,,,,,.89274377,.53746915,1.2428981,1.8797432,56.970001,32.580002,44.07,34.599998,57.820999,67.379997,62.547001,78.379997,19.059999,2.5599999,73.82,83.199997,5.1599998
Austria,AUT,Europe,46669.75,15.30871,15.42193,15.36363,107.60931,58.514999,.15628934,47.207466,.1139116,39.344261,98.902618,99.64077,10.434031,6134.1313,,,84.199997,81.895119,79.699997,2.9000001,3.2,2.7,22.799999,6.6999998,.44467363,9.6000004,9.3999996,28.658178,1.0549999,8879920,1.46,,,28.128099,119.7753,30.200001,23.200001,16.9,.5,.69999999,.60000002,.85984445,.87994707,.83912027,.72740942,60.709999,29.129999,43.93,32,53.542999,63.904999,58.605,70.989998,25.360001,3.6600001,72.18,81.470001,4.4899998
Azerbaijan,AZE,Asia,5348.2651,12.49776,19.200541,15.72203,121.28007,56.030998,.66234517,13.553367,25.481602,16.806723,87.74411,21.03919,4.03829,605.93451,,,75.455002,73.004997,70.511002,18.200001,20,16.299999,6.5999999,1.6,.84664673,14.1,5.5999999,9.1944532,1.123,10024283,1.8099999,,.1,19.337854,106.99245,,,,,,,1.6720213,1.192396,2.1531813,3.8734117,24.1,15.03,19.41,,59.749001,66.962997,63.275002,49.220001,14.79,36,69.540001,74.589996,4.8499999
"Bahamas, The",BHS,North America,32285.543,,,,38.909691,83.132004,.22584911,50.935066,.012459496,12.820513,,,5.7497749,2227.6421,,,76.081001,73.917999,71.658997,14.5,15.3,13.7,5.9000001,1.3,.9936595,13.882,6.8410001,10.623346,1.057,389486,1.743,,1.4,21.129347,109.24947,,,,,,,24.391121,2.9961648,47.032711,,,,,,63.028999,67.901001,65.365997,83.309998,14.48,2.2,76.459999,86.779999,10.061
Bahrain,BHR,Asia,21317.336,,,,2095.9949,89.393997,.95068645,.86845464,11.314228,15,98.983261,91.233818,4.0114751,1880.5751,,,78.422997,77.292,76.435997,5.9000001,6.1999998,5.6999998,12.5,2.4000001,4.468688,13.622,2.408,3.1979959,1.039,1641164,1.964,,.1,8.5909338,115.79292,,,,,,,.12186473,0,.18960994,4.0550542,,,,,42.645,85.400002,71.411003,63.810001,35.25,.94,47.029999,88.480003,1.196
Bangladesh,BGD,Asia,1581.5675,6.6717701,12.94728,9.7605495,1252.5634,37.404999,.35188472,14.468772,.41265157,20.630373,58.043262,37.684883,2.4835761,123.287,.63669997,.39160001,74.595001,72.591003,70.876999,25.5,27.1,23.9,5.6999998,1.7,1.0291966,17.868,5.526,7.662643,1.049,163046176,2.0109999,59.099998,.1,4.9590249,101.54916,,,,,,,,,,1.3489066,,,,,33.858002,77.290001,55.747002,40.380001,21.32,38.299999,38.48,84.230003,4.4380002
Barbados,BRB,North America,16678.549,,,,667.49072,31.158001,.26111874,14.651163,.2791796,20,,,6.2999039,1028.8302,,,80.482002,79.190002,77.814003,11.7,12.8,10.7,.89999998,.30000001,.13283108,10.621,9.0679998,24.3274,1.036,287021,1.623,,.89999998,37.210346,114.73774,,,,,,,16.723515,3.373637,30.976925,,11.69,9.5200005,10.6,47.700001,54.737999,59.591999,57.061001,78.419998,18.93,2.6500001,75.169998,80.43,8.4099998
Belarus,BLR,Europe,6264.8608,29.872351,26.337061,28.303539,46.410751,79.043999,.97723442,43.126156,1.7285932,40,94.586594,74.120216,5.8613396,1198.6211,,,79.400002,74.22683,69.300003,2.4000001,2.5999999,2.0999999,36.700001,7.6999998,-.20178661,9.3000002,12.8,22.432409,1.063,9419758,1.382,45.900002,.5,34.011101,123.00829,25.299999,21.299999,,0,.30000001,0,2.3803456,1.7219212,3.1364257,1.2261684,,,,45.799999,56.414001,67.944,61.671001,58.560001,30.379999,11.06,74.25,82.110001,4.1599998
Belgium,BEL,Europe,43065.516,36.862,33.667122,35.304008,379.42471,98.041,.18798298,22.7642,.015095994,42,99.913811,87.939865,10.65605,5846.8965,5.9555998,,84.300003,81.995125,79.800003,3.4000001,3.8,3,24.9,11.8,.5404613,10.2,9.5,29.72785,1.05,11488980,1.6,,,39.783138,99.742142,27.200001,22.299999,19.5,.1,.1,.1,,,,.89304292,51.880001,24.700001,37.439999,31.9,47.368999,55.733002,51.474998,78.239998,20.84,.92000002,64.879997,73.129997,5.3600001
Belize,BLZ,North America,4712.8403,,,,17.113152,45.866001,.34789002,56.47567,.79021978,9.375,,,5.9668922,445.71802,,,77.843002,74.623001,71.650002,10.6,11.5,9.5,12.5,1.7,1.8825984,20.51,4.756,7.439311,1.03,390351,2.2739999,,1.1,7.58288,65.304733,,,,,,,34.328079,8.670373,60.22205,1.331671,32.509998,20.709999,25.389999,,44.261002,75.498001,59.679001,67.610001,15.59,16.799999,52.150002,83.760002,6.711
Benin,BEN,Africa,1201.5614,,,,104.65724,47.861,.51481658,28.247162,2.4825327,7.2289157,,,2.3884292,81.989578,.0647,.30289999,63.324001,61.771,60.201,57.900002,63.400002,52.200001,11.8,3.8,2.7152185,35.831001,8.7180004,5.9873629,1.041,11801151,4.7670002,,.89999998,.21552983,87.702011,,,,,,,,,,.47293484,,,,,68.761002,72.209,70.461998,43.419998,18.309999,38.27,70.150002,73.169998,1.47
Bermuda,BMU,North America,107036.24,,,,1183.537,100,,18.518518,0,,,,,,,,85.790001,81.866585,78.129997,,,,,,-.010952132,8.1999998,8.3999996,,,63911,1.3,,,36.796467,107.18971,,,,,,,0,,,,,,,,,,,,,,,,
Bhutan,BTN,Asia,3238.0605,,,,20.007708,41.612,.42493871,71.397484,2.1798105,14.893617,36.48848,64.630028,3.6076159,432.13483,.46000001,1.8293999,72.176003,71.777,71.404999,23.9,26.1,21.6,6.3000002,2.7,1.1463792,17.011999,6.2509999,8.8861666,1.04,763094,1.954,,.2,1.1497959,95.563705,,,,,,,1.0483637,.55856246,1.4813645,,,,,,52.118999,68.418999,60.896999,34.060001,10.15,55.779999,62.310001,76.690002,2.5020001
Bolivia,BOL,South America,3317.3708,23.43207,25.97872,24.69866,10.627806,69.773003,.58492041,47.109535,3.3621974,53.076923,,51.425522,6.9233799,630.75909,,,74.508003,71.513,68.683998,21.5,23.700001,19.1,8.3999996,4.0999999,1.3991333,21.455,6.7620001,11.829612,1.05,11513102,2.688,,.30000001,6.4871492,101.52635,41.599998,30.799999,,.60000002,5.8000002,1.9,7.0007195,5.3021798,8.6857061,1.4636376,,,,28.200001,58.080002,77.956001,67.980003,50.049999,19.41,30.540001,65.699997,82.650002,3.8199999
Bosnia and Herzegovina,BIH,Europe,5578.2666,,,,64.472618,48.625999,1.1442477,42.732616,.7901811,21.428572,88.859787,,9.049099,1476.8014,,,79.857002,77.401001,74.892998,5.0999999,5.5,4.5999999,17.6,4.5,-.692267,7.9380002,10.877,25.256788,1.059,3300998,1.2539999,,,22.595789,113.76919,,,,,,,1.2723424,.59375405,1.9792194,.82006621,14.05,9.9899998,11.55,25.4,26.712,44.271999,35.242001,50.330002,31.709999,17.959999,46.790001,68.639999,15.69
Botswana,BWA,Africa,7051.3467,,,,4.0649037,70.171997,.44631293,27.125792,.62710768,10.769231,,,6.0483656,1122.142,,,72.386002,69.592003,66.485001,36.900002,40.400002,33.200001,26.299999,6.4000001,2.1781688,24.233999,5.7080002,7.0566435,1.031,2303703,2.836,,19.799999,2.1398213,162.64117,,,,,,,,,,2.8122611,,,,57.799999,43.185001,50.472,46.626999,62.490002,17.620001,19.9,68.459999,78.080002,22.610001
Brazil,BRA,South America,8622.0664,,,,25.250776,86.823997,.23866794,59.558525,3.5061581,15.009747,85.060081,47.849312,9.5912714,1497.8147,2.3106,7.4008002,79.555,75.880997,72.242996,13.3,14.9,11.7,10.9,3,.75155085,13.703,6.5310001,13.266008,1.05,211049520,1.719,,.5,15.592073,95.716492,53.5,41.900002,,2.0999999,11,4.5,20.882776,3.4766369,38.818832,1.4079885,35.09,20.42,26.709999,37.5,45.881001,64.919998,55.140999,70.940002,19.99,9.0799999,61.889999,80.190002,11.93
British Virgin Islands,VGB,North America,,,,,200.22,48.116001,,24.133333,,,,,,,,,,,,,,,,,.7956183,,,,,30033,,,,19.743589,131.64835,,,,,,,,,,,,,,,,,,,,,,,
Brunei Darussalam,BRN,Asia,30646.109,,,,82.219353,77.942001,.52640152,72.106262,22.614424,9.090909,,,2.1603136,1400.9136,,,77.106003,75.860001,74.727997,9.6000004,10.4,8.6000004,4.4000001,.80000001,1.0057423,14.459,4.5479999,7.2170882,1.0549999,433296,1.819,,,12.507934,132.66072,,,,,,,,,,3.0786421,13.72,8.6999998,10.64,32.299999,50.612999,68.559998,59.952999,77.279999,20.76,1.95,59.66,76.629997,6.9200001
Bulgaria,BGR,Europe,8234.7813,,,,64.257195,75.347,.68136078,35.740604,.57916951,25.833334,97.543098,70.41275,7.1261139,1797.5123,,,78.800003,75.112198,71.599998,5.5,6,4.9000001,15.3,4.4000001,-.70390564,8.8000002,15.5,33.175797,1.0599999,6975761,1.58,,.1,28.781967,116.20632,40.299999,31.4,32.5,.30000001,2.8,1,1.1856945,.63887769,1.7646779,3.1484756,13.21,9.0299997,10.97,39.200001,48.324001,60.515999,54.187,63.360001,30.02,6.6199999,68.870003,77.739998,4.23
Burkina Faso,BFA,Africa,738.21887,,,,74.274063,29.98,.33329713,22.903509,8.3207331,13.385827,,,5.4649425,122.40751,.093999997,.92720002,62.293999,61.577,60.738998,54.099998,58.799999,49.099998,11.3,3.7,2.8445964,37.452999,7.914,4.549356,1.046,20321384,5.1090002,30.5,.69999999,.059124928,100.21224,,,,,,,,,,2.6060376,,,,,55.140999,69.795998,62.346001,48.639999,25.16,26.209999,60.009998,75.68,4.6929998
Burundi,BDI,Africa,278.20261,,,,449.01001,13.366,.22445035,10.889408,12.851112,36.363636,,,7.9909143,61.796417,,.66280001,63.376999,61.584,59.764,39.900002,44.200001,35.400002,9.1999998,3.4000001,3.1289322,38.376999,7.7659998,4.4219112,1.03,11530577,5.3210001,,1,.03374505,56.6497,,,,,,,,,,2.4971521,,,,,78.917,76.390999,77.68,10.45,3.3499999,86.209999,81.690002,78.25,1.589
Cabo Verde,CPV,Africa,3482.4485,,,,136.46054,66.195,.33940363,11.270472,13.037451,23.611111,,,4.9362173,369.6832,,,76.196999,72.981003,69.526001,12.8,14.1,11.6,21.299999,4.5,1.1286578,19.061001,5.5760002,7.0234671,1.03,549936,2.2420001,,.60000002,3.6826169,108.31844,,,,,,,6.1825376,2.1905806,10.143604,.48821309,,,,,44.009998,56.465,50.242001,67.599998,21.799999,10.6,57.630001,69.900002,12.219
Cambodia,KHM,Asia,1441.1792,,,,93.397583,23.805,.68097466,46.589962,.68236828,20,27.198671,,6.9890833,316.04703,,1.0075999,71.908997,69.822998,67.538002,22.9,25.5,20,7,2.8,1.4464118,22.02,5.9920001,7.3504925,1.051,16486542,2.4779999,,.60000002,1.1183606,129.91615,,,,,,,,,,2.2285614,21.93,17.82,19.83,29.200001,75.980003,86.606003,81.060997,37.560001,27.91,34.529999,80.480003,89.610001,.147
Cameroon,CMR,Africa,1449.2776,,,,54.740513,56.967999,.2514528,43.147976,6.0224919,31.111111,,,3.5953953,136.23727,,,60.561001,59.292,58.028999,49.900002,55,44.599998,13.6,4.4000001,2.5841789,34.890999,9.059,4.959825,1.03,25876388,4.506,,3.0999999,1.5494014,82.703751,,,,,,,,,,1.0867592,,,,,67.823997,78.693001,73.224998,42.09,14.42,43.490002,72.139999,81.68,3.638
Canada,CAN,North America,45109.246,,,,4.1939492,81.482002,.34207207,38.699638,1.9869835,28.994083,99.038612,84.368134,10.844478,5520.6514,2.4425001,11.812,84.199997,82.048782,80,4.4000001,4.8000002,4.0999999,17.6,6.0999999,1.4361368,9.8999996,7.5999999,26.535715,1.054,37601232,1.47,,,40.475143,91.863106,,,,,,,1.8363564,.82239026,2.8388984,1.2789414,50.869999,33.689999,41.869999,,58.217999,65.865997,61.991001,79.239998,19.25,1.51,75.589996,82.459999,5.6599998
Cayman Islands,CYM,North America,83639.836,,,,270.61667,100,,53,0,,,,,,,,,,,,,,,,1.2019972,9.8000002,3.8,,,64948,,,,78.524361,152.42964,,,,,,,,,,,,,,,,,,,,,,,
Central African Republic,CAF,Africa,418.72168,,,,7.6169043,41.77,.12079061,35.848663,9.8081675,8.5714283,6.283711,13.946193,7.7530088,78.443108,,,55.514,53.283001,51.081001,79.099998,85.5,72.199997,19.6,5.1999998,1.6746616,35.09,11.974,5.2844892,1.03,4745179,4.645,14.4,3.0999999,.010515923,33.619217,,,,,,,,,,1.9155293,,,,,59.860001,75.752998,67.648003,23.889999,6.2600002,69.849998,65.68,79.419998,5.6230001
Chad,TCD,Africa,660.06995,,,,12.664296,23.278999,.21375525,3.5117536,21.867514,14.880953,5.5812097,9.9511356,4.3536315,69.39679,.054200001,.13770001,55.668999,54.238998,52.834999,69,75.199997,62.400002,9.6000004,3.3,2.9861302,41.665001,11.907,4.915699,1.03,15946882,5.6490002,6.6999998,1.2,.00042641599,48.064831,,,,,,,,,,2.1871531,,,,,48.174999,70.307999,59.165001,23.059999,1.88,75.059998,64.43,77.040001,1.123
Channel Islands,CHI,Europe,,,,,,30.931,,,,,,,,,,,84.915001,83.085999,81.172997,,,,,,1.0316348,9.8109999,7.8239999,26.141724,1.057,172264,1.5089999,,,,,,,,,,,,,,,,,,,48.883999,63.622002,56.137001,72.730003,24.639999,2.6199999,65.620003,79.68,6.4130001
Chile,CHL,South America,13828.635,,,,25.489199,87.642998,.34863299,24.326862,4.8519673,22.580645,98.771362,77.152275,9.3327236,2424.1492,,,82.442001,80.181,77.771004,6,6.5,5.5,14.9,3.2,1.1829326,12.187,6.2540002,17.313927,1.04,18952036,1.627,,.60000002,18.096565,132.18456,,,,,,,3.962635,.98852676,7.0222206,1.8373818,39.84,26.1,31.83,,45.521,65.388,55.237,68.779999,22.25,8.9799995,59.130001,78.699997,7.29
China,CHN,Asia,10155.493,,,,149.36757,60.307999,.7489481,23.141165,1.1387811,24.941177,,68.036057,5.3502779,880.19128,,,79.244003,76.912003,74.761002,5.9000001,6.3000002,5.5999999,9.8000002,6.1999998,.35474089,10.41,7.0900002,16.221235,1.122,1407745024,1.696,,,31.335201,121.79229,38.200001,29.5,,0,6.4000001,.5,,,,1.7278279,,,,,60.541,71.307999,66.014999,47.25,27.42,25.33,68.57,82.760002,4.52
Colombia,COL,South America,6384.5356,12.68547,11.40011,12.06796,45.371288,81.103996,.25215158,53.484634,4.693336,18.713449,72.951859,18.166574,7.7094359,1204.2977,,,80.018997,77.287003,74.528,11.7,13,10.4,6.0999999,1.8,1.356788,14.655,5.6300001,12.775685,1.05,50339444,1.789,,.5,13.805977,131.67244,51.299999,40.299999,17.5,2.0999999,14,5,23.997087,4.0778499,44.652264,3.140734,36.98,17.76,25.719999,31,48.862,73.393997,60.758999,64.110001,20.120001,15.77,61.580002,84.580002,9.96
Comoros,COM,Africa,1284.3523,,,,457.22247,29.164,.29281402,17.925846,1.4873427,6.060606,,,5.1703033,168.64404,,,66.121002,64.320999,62.587002,48.700001,53.099998,43.799999,7,3.8,2.206465,31.407,7.1350002,5.2990851,1.05,850891,4.138,,.1,.14749332,67.602242,,,,,,,,,,,,,,,29.646999,51.463001,40.587002,46.790001,18.83,34.380001,35.529999,57.43,8.0819998
"Congo, Dem. Rep.",COD,Africa,512.5863,,,,38.283482,45.046001,.072154842,56.133129,13.773919,10,18.427513,13.151335,3.5362608,40.613739,,,62.233002,60.681,59.146999,65.5,71.300003,59.299999,10.6,2.8,3.1870863,40.639,9.2919998,5.9176955,1.03,86790568,5.8189998,,.80000001,.013711167,42.773323,,,,,,,,,,.70805901,,,,,60.207001,65.882004,63.014,25.860001,9.8400002,64.300003,61.860001,66.309998,4.4510002
"Congo, Rep.",COG,Africa,1793.0281,,,,15.755502,67.373001,.75253481,64.307465,45.976582,11.258278,45.716469,,2.0833108,81.691925,,,66.023003,64.57,63.082001,35.900002,39.400002,32.299999,9.5,3.5,2.5628264,32.396999,6.612,4.8822255,1.03,5380504,4.3740001,,3.7,,91.905823,,,,,,,,,,2.7482965,,,,,52.275002,55.451,53.849998,44.990002,21.469999,33.529999,68.580002,72.089996,20.622
Costa Rica,CRI,South America,12755.168,,,,98.855484,80.075996,.1279851,59.116726,.75601333,45.614037,80.520683,30.333223,7.2739325,1636.1824,,,82.892998,80.278999,77.738998,7.1999998,7.5999999,6.6999998,14.1,2,.957865,13.689,5.152,14.310983,1.05,5047561,1.737,,.40000001,17.924181,169.39355,48.200001,36.700001,20.715601,.40000001,4.3000002,1.1,11.153902,1.9009736,20.415937,0,37.98,19.459999,26.719999,42.799999,42.910999,67.558998,55.151001,69.220001,18.799999,11.97,58.299999,83.940002,11.49
Cote d'Ivoire,CIV,Africa,2327.7454,,,,80.869667,51.238998,.18091735,9.2754717,3.3159463,10.980392,35.139221,,3.2986295,179.55179,.16230001,.65560001,59.118999,57.783001,56.592999,59.400002,66.199997,52.299999,14.9,2.8,2.549387,35.464001,9.8690004,5.1849942,1.03,25716554,4.5929999,,2.2,.84273767,145.3407,,,,,,,,,,1.2274808,37.950001,24.190001,30.030001,,44.516998,63.43,54.087002,46.990002,12.86,40.150002,45.509998,63.450001,3.3180001
Croatia,HRV,Europe,14068.045,,,,72.640503,57.242001,.28886089,34.604568,.65671808,20.5298,,69.089653,6.9786177,2167.8142,,,81.599998,78.424393,75.400002,3.9000001,4.3000002,3.5999999,25.299999,8.1000004,-.55414677,8.8999996,12.7,32.302395,1.0599999,4065253,1.47,,.1,27.958548,106.64232,28.9,22.200001,23.299999,.2,.69999999,.30000001,.79897362,.65411878,.95476669,1.6488675,29.610001,23.110001,26.09,24.299999,41.959999,54.049,47.716999,66.139999,27.67,6.1900001,61.959999,72.010002,6.6199999
Cuba,CUB,North America,8031.0356,,,,109.18578,77.109001,.28466392,31.233141,.85662591,53.223141,,36.751347,11.340205,2599.4932,,,80.778999,78.802002,76.839996,4.1999998,4.5999999,3.7,23,6,-.041126288,9.9619999,9.1459999,22.758217,1.057,11333484,1.602,67.900002,.5,1.6123198,53.316612,,,,,,,,,,,,,,,41.387001,69.392998,55.202,65.489998,17.110001,17.4,50.540001,77.959999,1.735
Curacao,CUW,South America,17796.699,,,,354.59683,89.098,,.15765765,0,,,,,,,,,,,,,,,,-1.1964395,10.1,8.8000002,26.685951,1.05,157441,1.6,,,32.612713,112.73497,,,,,,,,,,,,,,,,,,,,,,,
Cyprus,CYP,Europe,28211.064,,,,129.71581,66.805,.2889778,18.674242,.0036398286,17.857143,99.76519,77.079948,7.0090322,3017.2666,,,83.031998,80.982002,78.920998,2.3,2.5,2.0999999,6,1.3,.779957,10.24,7.099,20.287897,1.0700001,1198574,1.321,,.1,36.775337,139.99448,31.200001,25.5,22.299999,.2,.2,.2,1.2514871,1.6686774,.83431089,1.6094668,35.709999,26.91,31.040001,23.700001,52.713001,64.375,58.508999,79.160004,18.440001,2.4100001,70.209999,79.370003,7.0700002
Czech Republic,CZE,Europe,20202.152,20.94668,20.87302,20.9109,138.22681,73.920998,.44662502,34.651417,.4004873,22.5,97.88205,84.716644,7.8347073,3477.0259,4.1156998,,82.199997,79.229271,76.400002,2.4000001,2.7,2.0999999,19.799999,4.8000002,.39378887,10.5,10.5,30.710117,1.058,10671870,1.71,,,34.984947,122.56622,25.299999,21.5,12.5,0,.1,0,.90745687,.71841925,1.10253,1.1608776,34.900002,23.16,28.370001,26.6,51.348,67.363998,59.166,60.09,37.25,2.6600001,69.949997,83.540001,2.01
Denmark,DNK,Europe,57553.133,,,,145.36055,87.994003,.088752575,15.6875,.48717445,39.106144,96.732063,91.889206,9.9558306,6015.4609,,,83.5,81.451218,79.5,3.2,3.5,2.9000001,14.9,6.5,.3581309,10.5,9.3000002,31.375237,1.056,5814422,1.7,,.1,43.945988,125.49585,27.700001,23.5,16.5,.2,.30000001,.2,1.1434755,.93032712,1.3590404,1.3014549,54.970001,34.900002,44.299999,26.6,54.932999,63.650002,59.238998,79.230003,18.549999,2.22,76.040001,81.93,5.02
Djibouti,DJI,Africa,3110.9946,,,,41.99987,77.915001,.13867195,.24590164,.33186367,26.153847,,37.049603,1.7982678,104.14179,,,69.357002,67.112,65.115997,48.599998,52.900002,44.099998,12.6,6.4000001,1.5145595,20.997999,6.9790001,6.9638305,1.039,973557,2.6760001,,.89999998,2.5079091,42.510578,,,,,,,,,,,,,,,11.344,34.627998,23.618999,62,13.44,24.549999,54.240002,72.080002,26.357
Dominica,DMA,North America,7894.3066,,,,95.744003,70.786003,.29989007,63.826668,.028274762,25,,,5.4600663,675.37415,,,,,,31.200001,33.599998,28.9,,,.25377539,,,,,71808,,,,21.17452,108.80682,,,,,,,18.103832,,,,,,,,,,,,,,,,
Dominican Republic,DOM,North America,8314.3447,,,,222.29263,81.828003,.30497026,44.214657,1.0554042,26.842106,,,5.929142,1140.0398,1.4518,1.4594001,77.380997,74.081001,70.990997,28.299999,30.799999,25.700001,8,1.8,1.0466206,19.193001,6.1880002,11.229517,1.05,10738957,2.323,62,1,8.6589689,83.323792,41.900002,33.099998,16.4,.2,5.5999999,.89999998,9.5540009,2.6987996,16.417583,.68958312,35.450001,22.48,27.74,50.599998,47.452999,74.870003,61.043999,72.400002,18.82,8.7799997,58.490002,83.660004,6.3600001
Ecuador,ECU,South America,5853.813,,,,69.953522,63.986,.38632423,50.580208,6.8988209,37.956203,66.609856,41.698986,7.8182468,934.51941,,,79.837997,77.010002,74.281998,11.6,12.9,10.1,11.6,3.5999999,1.6791726,19.459999,5.1209998,11.355679,1.05,17373656,2.4030001,72.400002,.40000001,12.043851,91.247887,45.700001,34.5,38.130001,1.1,10.9,3.3,6.8321829,1.7159631,11.932588,2.2338021,45.27,28.610001,35.57,37.299999,51.896,75.607002,63.659,53.040001,17.209999,29.74,58.23,83.690002,3.8099999
"Egypt, Arab Rep.",EGY,Africa,3964.9871,,,,100.84693,42.73,.62649888,.045185596,4.9876413,14.932886,,66.32486,4.7399735,582.22736,.74629998,,74.349998,71.989998,69.741997,17.200001,18.4,16,4,2,1.9762802,25.708,5.7779999,8.6655178,1.0599999,100388080,3.28,,.1,7.5695658,94.971703,,,,,,,,,,1.1809717,,,,7.0999999,12.528,65.236,38.901001,52.439999,26.940001,20.620001,20,75.190002,7.8400002
El Salvador,SLV,North America,3993.5291,7.70891,9.1092701,8.3370199,311.46478,72.746002,.3026489,28.396719,.55998141,30.952381,,,7.1657844,656.70599,,,77.842003,73.317001,68.455002,11.5,12.6,10.3,10.5,2.0999999,.50969911,18.054001,7.0700002,13.096225,1.05,6453550,2.0209999,,.5,8.1364174,161.10173,38.799999,29.799999,32,.30000001,8.8000002,1.6,37.157845,6.7051544,70.352356,1.1738305,25.709999,18.549999,21.52,43.099998,43.366001,72.542999,56.580002,61.200001,22.51,16.290001,49.279999,79.589996,4.1700001
Equatorial Guinea,GNQ,Africa,7412.5811,,,,48.341606,72.626999,.53226805,87.585739,27.180969,21,,,3.1350367,607.43268,,,59.917999,58.735001,57.743,60,65.400002,54.099998,9.3999996,6,3.5288403,32.783001,9.1120005,3.9996157,1.03,1355982,4.4289999,,6.9000001,.073747076,45.501945,,,,,,,,,,1.3127344,,,,,46.237999,54.252998,50.925999,41.139999,19.35,39.509998,56.169998,68.080002,8.6789999
Eritrea,ERI,Africa,,,,,28.882566,,,8.7414541,,22,,,4.4587669,81.846611,,,68.555,66.320999,64.153,30.5,34.700001,26.1,16.6,5.1999998,,29.738001,7.0120001,,1.052,,3.997,,.60000002,.085784949,37.488022,,,,,,,,,,,,,,,68.056999,82.306,75.100998,29.59,7.29,63.119999,74.919998,87.599998,5.994
Estonia,EST,Europe,20408.436,,,,31.037544,69.051003,.3759366,57.038597,1.1754667,29.702971,95.794235,93.061325,6.7304492,2616.814,,,83,78.646339,74.5,1.8,1.9,1.6,24.299999,6.5,.3683137,10.6,11.6,31.460869,1.0650001,1326855,1.66,,,32.531334,147.17715,30.799999,23.299999,24.299999,.30000001,.80000001,.5,1.7349992,.85834086,3.1916964,2.0240188,34.73,24.83,29.65,35.5,54.827,67.726997,60.818001,68.129997,28.700001,3.1700001,75.800003,81.989998,4.4499998
Eswatini,SWZ,Africa,3833.2468,,,,66.751915,23.981001,.21812841,28.857557,3.3589211,7.246377,,,6.7806907,610.49402,,,64.845001,60.194,56.007,37.700001,41.599998,33.599998,55.099998,4.6999998,1.0382656,25.881001,9.059,6.9037251,1.027,1148133,2.9579999,,29.1,.87098151,102.42743,,,,,,,,,,1.8861477,,,,,35.667,43.16,39.278,64.459999,23.389999,12.15,51.34,58.220001,22.837
Ethiopia,ETH,Africa,799.7951,,,,99.310318,21.225,.20481923,15.188679,5.4941111,38.756855,12.021347,6.4806933,3.238086,75.11409,,,68.536003,66.597,64.694,36.599998,41.599998,31.299999,7.6999998,3.0999999,2.5796971,31.896,6.4180002,6.2633781,1.04,112078728,4.1459999,40.5,.89999998,.14186457,37.402279,,,,,,,,,,.58773994,,,,,72.572998,85.128998,78.802002,24.049999,9.3199997,66.629997,76.019997,86.690002,2.326
Faroe Islands,FRO,Europe,,,,,34.868912,42.224998,,.057306591,0,,,,,,,,85.199997,82.792686,80.5,,,,,,.3704699,13.2,8,,,48677,2.4000001,,,37.347466,112.90316,,,,,,,,,,,,,,,,,,,,,,,
Fiji,FJI,Oceania,5869.021,,,,48.711277,56.75,.31207135,62.032841,1.1903411,19.607843,,,3.8160701,545.3103,,3.9596,69.331001,67.444,65.697998,22.6,24.4,20.700001,12.2,5.6999998,.72909266,20.954,8.257,8.6417322,1.0599999,889955,2.7539999,,.2,2.4106891,115.73645,30.700001,24.200001,,.2,16.4,2.5999999,,,,1.4640981,,,,,36.151001,73.158997,54.820999,68.260002,14.14,17.610001,40.619999,79.220001,4.448
Finland,FIN,Europe,46135.078,28.07295,23.68276,25.935089,18.16736,85.445999,.15981017,73.730797,.36603123,47,99.636154,84.099869,9.1534834,4710.2183,,,84.800003,81.982925,79.300003,1.9,2.0999999,1.7,23.200001,7.5999999,.11019169,8.3000002,9.8000002,35.801357,1.0470001,5521606,1.35,,,32.482815,129.24437,27.700001,23,15.6,0,.1,0,1.5906991,1.0695381,2.1267157,1.3477111,50.529999,37.759998,43.93,36.799999,52.349998,58.673,55.445,74.580002,21.639999,3.78,76.599998,79.650002,6.6900001
France,FRA,Europe,38912.332,19.460871,19.96773,19.700541,122.8163,80.709,.11484201,31.356735,.034171879,39.688042,99.248833,78.589119,11.057472,5492.5303,,,85.900002,82.826828,79.900002,3.4000001,3.8,3.0999999,20.4,7.5999999,.21882415,11.2,9.1000004,32.99229,1.049,67248928,1.86,,.30000001,45.69342,110.61002,,,17.9,,,,1.3219769,.84808213,1.7446752,1.8454912,48.82,31.08,39.689999,34.299999,46.973999,54.609001,50.622002,77.040001,20.43,2.53,68.300003,75.440002,8.4099998
French Polynesia,PYF,Oceania,21320.439,,,,80.462402,61.896999,,43.059635,,,84.64959,,,,,,79.898003,77.656998,75.612,,,,,,.57886034,14.427,5.7420001,12.625505,1.049,279285,1.927,,,22.199387,113.86137,,,,,,,,,,,,,,,42.868999,55.583,49.287998,76.540001,16.639999,6.8299999,53.240002,67.07,12.296
Gabon,GAB,Africa,7116.0811,,,,8.4316292,89.740997,.33958071,91.366791,22.732994,17.910448,,,2.768362,432.18716,,,68.668999,66.467003,64.382004,31.5,35.200001,27.6,14.2,2.4000001,2.4840431,30.968,6.704,5.9800701,1.03,2172578,3.9219999,,3.3,1.1220305,137.75385,,,,,,,,,,1.5809017,,,,,28.384001,48.291,38.571999,59.299999,10.74,29.959999,44.990002,63.880001,20.742001
"Gambia, The",GMB,Africa,714.54211,,,,231.98576,61.931,.3457469,24.545454,2.8122709,10.344828,43.98032,29.590872,3.8217108,88.711166,.1073,.60610002,63.480999,62.049999,60.655998,35.599998,39.799999,31.200001,6.5999999,3,2.9218628,38.073002,7.7220001,4.8036799,1.03,2347696,5.1539998,,1.8,.21297386,110.0953,,,,,,,,,,.81431866,,,,,44.083,62.624001,53.152,57.959999,15.01,27.030001,52.450001,69,9.4980001
Georgia,GEO,Europe,4773.4233,34.762932,32.351959,33.66769,65.085571,59.039001,.56932396,40.615917,.63114649,14.7651,66.122292,34.722275,6.6574426,970.19971,7.0784001,5.2161999,78.139999,73.766998,69.348999,8.3999996,9.3999996,7.5,16,3,-.17156574,13.2,12.791,23.203892,1.063,3720161,2.0550001,,.30000001,23.446487,134.66039,35.900002,27.6,,1.1,19.9,5.1999998,1.9265596,,,1.7499243,42.889999,28.33,35.189999,36.700001,48.977001,63.301998,55.648998,47.59,14.26,38.150002,61.450001,77.760002,11.57
Germany,DEU,Europe,43329.051,,,,237.82295,77.375999,.18259391,32.682674,.09437485,30.888575,99.993027,97.119942,11.697249,6738.6704,,,83.699997,81.292686,79,3.2,3.4000001,2.9000001,18.6,6.1999998,.22551988,9.3999996,11.3,33.359871,1.054,83092960,1.54,,.1,42.136806,128.35703,,,17.4,,,,.74595553,.65297729,.84123015,1.2691469,57.740002,26.639999,41.139999,28.6,55.046001,65.098999,59.976002,71.610001,27.18,1.21,74.730003,83.300003,3.1400001
Ghana,GHA,Africa,2053.5867,,,,133.68137,56.707001,.32081604,35.064075,10.290816,13.090909,39.697899,12.865545,3.4185886,193.22354,.1064,2.711,65.177002,64.073997,62.991001,34,37.700001,30.1,11.8,1.2,2.1625845,28.992001,7.2189999,5.2022777,1.053,30417858,3.816,,1.7,.19238043,134.31938,,,,,,,,,,.44193608,,,,,62.347,69.761002,66.087997,49.209999,21.049999,29.75,65.370003,72.940002,4.316
Gibraltar,GIB,Europe,,,,,3370.6001,100,,0,,,100,,,,,,,,,,,,,,-.026697913,,,,,33706,,,,57.852882,120.28426,,,,,,,,,,,,,,,,,,,,,,,
Greece,GRC,Europe,19003.828,,,,83.177521,79.388,.29447693,30.269978,.070965521,20.666666,100,90.945854,7.8378859,2418.8081,,,84.199997,81.639023,79.199997,3.7,3.9000001,3.4000001,8.3999996,1.9,-.10533939,7.8000002,11.7,34.197025,1.0650001,10721582,1.34,,.2,39.254269,113.44949,33.099998,24.9,30,.40000001,1.5,.69999999,.74474013,.35627681,1.1477438,2.6645806,33.59,20.01,25.719999,29.799999,34.799999,51.573002,42.966,73.059998,15.34,11.6,60.610001,76.730003,17.309999
Greenland,GRL,Europe,47908.105,14.47445,6.9295301,10.44041,.1369838,87.052002,,.0005359971,0,,96.742424,91.889206,,,,,74.040001,72.047562,70.150002,,,,,,.3599177,15.1,9.8000002,,,56225,2.0799999,,,25.416431,108.79446,,,,,,,,,,,,,,,,,,,,,,,
Grenada,GRD,North America,10133.132,,,,329.41763,36.396,.29076657,52.058823,0,46.666668,,,4.96524,879.50641,,,74.953003,72.397003,70.072998,14.7,15.8,13.5,.60000002,.69999999,.49496412,16.198,9.5819998,14.529685,1.05,112002,2.0420001,,,28.380489,103.73293,,,,,,,14.28546,1.7993379,26.58349,,,,,,,,,,,,,,
Guam,GUM,Oceania,35666.316,,,,309.80554,94.859001,,51.851852,0,,99.438705,,,,,,83.550003,80.073997,76.828003,,,,,,.91574359,16.459999,5.2729998,15.515185,1.058,167295,2.293,,,1.7932502,,,,,,,,4.1842256,,,,,,,,53.362,64.775002,59.09,84.230003,15.54,.23,59.43,81.309998,5.5149999
Guatemala,GTM,North America,4254.0352,4.1101198,4.5862098,4.3220201,154.94612,51.438999,.27338067,33.029114,1.1565759,19.375,55.567532,,6.2116103,529.12036,,,77.151001,74.302002,71.382004,20.700001,23,18.299999,9.3999996,2.5999999,1.5603861,24.209999,4.7199998,8.0523605,1.05,16604026,2.822,,.2,3.3273664,118.728,,,,,,,24.952398,7.9022355,42.517567,.4658317,,,,39.400002,38.368999,82.597,59.740002,49.98,18.73,31.299999,42.450001,88.230003,2.1900001
Guinea,GIN,Africa,945.50745,,,,51.974792,36.5,.32711381,25.349993,4.6260161,22.807018,,,3.9838996,119.59002,,,62.117001,61.602001,60.855,63.400002,69.300003,57.200001,9.1999998,4.9000001,2.8347847,35.965,8.2250004,5.4878001,1.024,12771246,4.625,,1.5,.0097876117,100.79675,,,,,,,,,,1.4451357,,,,,60.777,59.837002,60.338001,33.560001,5.79,60.650002,65.010002,60.66,5.02
Guinea-Bissau,GNB,Africa,650.0694,,,,68.311417,43.777,.26426864,70.713013,9.9310036,13.725491,23.990686,11.641122,8.349761,186.42703,,,60.213001,58.321999,56.305,53,58.400002,47.200001,10.2,3.9000001,2.4565287,34.558998,9.434,5.2075453,1.03,1920917,4.402,20.200001,3.3,.063875578,82.792587,,,,,,,,,,1.6527944,,,,,60.178001,74.373001,66.966003,30.91,8.6099997,60.48,67.190002,78.980003,6.0359998
Guyana,GUY,South America,6478.2876,,,,3.976505,26.688999,.5620147,93.596848,6.1736279,31.884058,,,4.9304867,673.56842,,,73.095001,69.905998,66.927002,24.5,27.6,21.200001,63,17.4,.48252666,19.723,7.5510001,10.268955,1.05,782775,2.4400001,,1.4,10.603424,99.391136,,,,,,,17.374086,4.6212621,30.004755,1.6041788,29.16,22.24,25.02,45.900002,35.487,57.911999,46.674999,59.599998,24.969999,15.44,46.43,70.690002,13.992
Haiti,HTI,North America,1373.8831,,,,408.67487,56.192001,.2145513,12.714441,.44314873,2.5423729,,,4.7280898,143.45038,,,66.181999,64.000999,61.831001,47.799999,52.599998,42.799999,11.8,7.5999999,1.2498542,23.959,8.448,8.1569796,1.05,11263079,2.8870001,,1.9,.27612346,60.759418,,,,,,,,,,.0013942126,,,,,51.924,61.779999,56.714001,64.309998,6.6599998,29.030001,65.160004,72.860001,13.915
Honduras,HND,North America,2499.4929,11.05307,8.1684704,9.6349897,87.104431,57.73,.4195343,57.022163,.9264062,21.09375,,49.317482,7.2839179,435.68433,,,77.551003,75.269997,72.959999,14.4,16,12.8,3.3,.80000001,1.6406178,21.337,4.4499998,7.5425878,1.05,9746115,2.427,66.5,.2,4.0054617,77.567596,48.200001,34.599998,,4.3000002,24,10.8,42.006481,8.160552,75.908905,1.623598,40.290001,24.48,30.620001,47.5,41.004002,78.565002,59.578999,49.119999,21.389999,29.49,54.279999,87.959999,5.6999998
"Hong Kong SAR, China",HKG,Asia,44192.379,,,,7150.3809,100,,,.00056905986,,100,85.932884,,,,,88.099998,85.078049,82.199997,,,,,,.73928344,7,6.5,24.935144,1.075,7507900,1.051,,,37.718288,288.53271,,,,,,,.32274735,.32357064,.32177979,,,,,,53.672001,65.028999,58.785999,88.75,11.08,.17,65.339996,80.860001,2.9300001
Hungary,HUN,Europe,15041.099,,,,107.06927,71.643997,.31557742,22.512272,.32277891,12.562814,92.573647,87.751099,6.3500223,2155.9094,,5.2593002,79.699997,76.319511,73.099998,3.4000001,3.7,3.0999999,25.9,8.3000002,-.045255709,9.5,13.3,29.897919,1.059,9771141,1.55,,,32.935413,106.0716,30,23.299999,18.9,.1,.89999998,.30000001,.66083753,.61066538,.71610701,1.2543863,29.889999,22.940001,26.07,35.900002,47.081001,64.259003,55.146999,63.189999,32.09,4.7199998,65.279999,79.949997,3.4200001
Iceland,ISL,Europe,57818.859,42.456982,30.25432,36.142879,3.5759497,93.855003,.078667104,.50272739,.0001085816,38.095238,100,83.688034,8.6386805,5636.4126,4.1416001,17.188801,84.699997,83.163414,81.699997,1.6,1.7,1.4,19.799999,3.9000001,2.1989322,12.3,6.3000002,23.314817,1.053,360563,1.74,,.1,41.070286,121.94932,,,,,,,.29495305,0,.58744055,,47.790001,27.93,37.110001,44,68.019997,75.466003,71.739998,78.489998,17.469999,4.04,84.260002,89.040001,3.51
India,IND,Asia,1965.5393,,,,459.57968,34.472,.91456836,24.180628,1.9917625,14.391144,,43.904289,3.0141468,211.00223,.92809999,2.3885,70.949997,69.655998,68.463997,28.299999,28.4,28.200001,14.1,11.1,1.0132612,17.643999,7.2649999,9.5187483,1.1,1366417792,2.2019999,,.2,1.4019548,84.270012,35.700001,30.6,,1.8,38.799999,12.1,2.9624176,2.626658,3.2727201,2.5191207,,,,14.8,20.134001,69.318001,45.603001,32.279999,25.120001,42.599998,22.26,79.57,5.27
Indonesia,IDN,Asia,3877.4246,,,,144.13998,55.985001,.59070063,49.394295,3.3792405,17.391304,,,2.9049358,358.28961,.46509999,3.8069999,73.967003,71.716003,69.571999,20.200001,22.4,17.9,3.7,1.1,1.0979264,17.746,6.5100002,8.9323692,1.05,270625568,2.2880001,,.40000001,3.8002188,126.10691,37.599998,29.5,,.60000002,24.5,6,,,,.8043353,42.389999,26.24,32.639999,,52.119999,79.335999,65.740997,49.139999,22.360001,28.5,55.990002,84.139999,3.6199999
"Iran, Islamic Rep.",IRN,Asia,5308.9199,,,,51.102554,75.390999,1.431245,6.6215529,26.713722,5.8823528,93.842186,,6.7106166,868.18445,,,77.885002,76.677002,75.593002,11.5,12.2,10.9,7.6999998,2.8,1.3522898,18.42,4.842,9.2170095,1.052,82913896,2.1459999,,.1,10.403782,142.39037,40.900002,31.700001,,.2,8.3000002,1.5,,,,2.1005671,,,,19.799999,13.954,63.783001,38.998001,51.240002,31.389999,17.370001,18.940001,76.879997,10.74
Iraq,IRQ,Asia,5132.7012,,,,90.548843,70.678001,.86516321,1.9003612,39.477985,25.227964,59.356628,43.127304,4.4767151,483.3389,,,72.652,70.603996,68.565002,22,24.1,19.700001,5.1999998,2,2.2541392,28.556,4.7360001,5.8014703,1.0650001,39309788,3.5969999,,,11.597756,94.695915,,,,,,,,,,3.3821959,,,,,7.9219999,65.207001,36.632,58.799999,22.93,18.27,12.06,76.720001,12.863
Ireland,IRL,Europe,75143.016,,,,71.626358,63.404999,.096418045,11.293656,.075304419,22.151899,97.33152,82.777122,6.6793151,6010.0664,3.352,,84.699997,82.702438,80.800003,2.7,3,2.5,15.4,3.9000001,1.3676269,12,6.3000002,22.007641,1.056,4934340,1.71,,.2,29.954952,105.69,,,20.6,,,,.69636488,.32519269,1.0733078,.2791453,50.66,21.620001,34.990002,30.4,53.601002,65.096001,59.254002,76.800003,18.77,4.4299998,67.599998,79.510002,4.9499998
Isle of Man,IMN,Europe,96105.305,,,,148.40175,52.735001,,6.0701756,0,,97.207565,,,,,,,,,,,,,,.61187655,,,,,84589,,,,,,,,,,,,,,,,,,,,,,,,,,,,
Israel,ISR,Asia,38995.23,,,,418.39188,92.500999,.17744718,6.469501,.10008934,23.333334,99.362236,94.205345,7.461319,3326.2529,5.4667001,6.6047001,84.699997,82.804878,81,3,3.2,2.7,8.3999996,2.3,1.9089826,20.1,5.0999999,20.379795,1.053,9054000,3.01,,,29.121847,137.33398,,,,,,,1.4672441,,,5.1929326,44.52,23.559999,33.580002,,57.219002,65.094002,61.087002,81.860001,17.23,.92000002,69.580002,74.769997,3.8
Italy,ITA,Europe,32119.744,,,,201.98055,70.736,.16535982,32.166969,.089880943,35.714287,95.823685,95.777031,8.6685686,3998.012,8.0129995,5.8867002,85.699997,83.497559,81.400002,2.5999999,2.8,2.4000001,10.1,3.5,-1.1530284,7,10.6,36.057194,1.063,59729080,1.27,,.2,28.852961,131.26451,,,25.6,,,,.52353346,.35703883,.69922864,1.3165669,49.849998,21.4,33.419998,23.299999,36.678001,53.779999,44.925999,70.239998,25.870001,3.8900001,56.529999,75.139999,9.9499998
Jamaica,JAM,North America,5065.375,,,,272.23242,55.985001,.56180048,54.75531,.15063109,17.460318,,,6.0974832,597.85394,,,76.117996,74.474998,72.867996,11.8,13.1,10.4,3.7,1.1,.4563565,15.907,7.5910001,13.209287,1.05,2948277,1.965,,1.3,10.782799,102.564,,,,,,,45.450275,8.6221008,82.802719,1.6872661,,,,,52.647999,66.887001,59.66,68.599998,16.18,15.22,65.82,77.099998,7.6900001
Japan,JPN,Asia,36081.066,,,,347.41565,91.697998,.2367164,68.408783,.091779463,10.107527,98.565445,81.033798,10.743725,4587.0347,,,87.449997,84.356339,81.410004,1.8,1.9,1.8,21.799999,9.1999998,-.14046498,7,11,47.121727,1.056,126633000,1.36,,,33.50338,147.02322,,,,,,,.25145772,.27884769,.22275917,.93728107,50.849998,22.26,34.990002,,52.132999,69.620003,60.610001,72.400002,24.219999,3.3800001,72.769997,86.650002,2.4000001
Jordan,JOR,Asia,4133.5498,,,,113.76553,91.203003,.58985722,1.0980471,.033031955,15.384615,83.53672,82.083672,7.5824695,797.45197,,3.3469999,76.306,74.526001,72.838997,13.3,14.6,12,2.5,.69999999,1.3592163,21.476999,3.8889999,6.2250476,1.054,10101697,2.691,,,4.528904,77.004608,,,,,,,1.1384226,.52120066,1.7405878,4.6420627,15.17,8.1099997,9.1199999,62,10.654,54.208,32.644001,73.089996,24.450001,2.47,15.56,67.260002,16.809999
Kazakhstan,KAZ,Asia,11402.76,,,,6.8576779,57.540001,1.0047513,1.2688224,19.025696,27.102804,89.321259,,2.7874568,765.48962,,,77.300003,73.18,68.82,9,10.2,7.8000002,29,6.8000002,1.2896085,21.73,7.1900001,12.057315,1.0650001,18513672,2.9000001,,.30000001,13.543972,138.62923,,,,,,,,,,1.0623794,,,,,60.612,73.513,66.716003,64.160004,20.98,14.86,71.760002,81.669998,4.8000002
Kenya,KEN,Africa,1602.7885,,,,92.374405,27.507,.26440415,6.3448186,1.2372898,21.776505,,,4.5918269,207.6185,,,69.049004,66.698997,64.313004,32,35.099998,28.6,9.1000004,3.2,2.2727463,28.298,5.3930001,4.1516113,1.03,52573968,3.4230001,56.400002,4.4000001,.93427026,103.76902,,,,,,,2.9976814,1.4970747,4.517199,1.1676913,31.5,20.700001,25.85,49.599998,68.299004,72.360001,70.297997,39.439999,6.2199998,54.34,72.410004,76.760002,5.0100002
Kiribati,KIR,Oceania,1505.1553,,,,145.19507,54.834999,.50842202,1.4567901,.038353253,6.521739,14.415488,26.355274,10.264144,246.99055,,,72.342003,68.369003,64.248001,40.299999,44.299999,36.099998,48.599998,8.6999998,1.5129867,27.452999,6.2800002,6.7947011,1.056,117608,3.53,27.299999,,.089281157,46.475521,27.799999,22.9,,.30000001,23.799999,3.8,,,,,,,,,,,,,,,,,
"Korea, Dem. People's Rep.",PRK,Asia,,,,,213.15637,62.133999,,50.255959,,17.61281,66.311409,,,,,,75.744003,72.274002,68.614998,13.1,14.5,11.6,11.2,7.5999999,.4551419,13.848,9.2049999,13.085893,1.05,25666158,1.896,,,,16.570456,,,,,,,,,,,,,,,76.327003,84.573997,80.315002,43.450001,12.73,43.82,81.050003,91.410004,2.5910001
"Korea, Rep.",KOR,Asia,31640.215,,,,530.37726,81.43,.37292179,64.51844,.10017317,16.666666,99.09977,99.942261,8.1641655,3521.3262,,,86.300003,83.22683,80.300003,2.7,2.9000001,2.4000001,40.200001,16.9,.34787497,5.9000001,5.6999998,20.860884,1.0549999,51764824,.91799998,,,42.764355,134.48927,,,,,,,.57979137,.60213017,.53802311,2.6731281,29.49,14.1,20.74,,51.812,70.611,61.186001,70.279999,24.58,5.1399999,60.110001,77.639999,3.75
Kosovo,XKX,Europe,4219.0806,,,,,,,,.39535716,,,,,,,,75.5,73.092682,70.800003,,,,,,-.45773,15.7,6.8000002,,,1788878,1.97,,,,,,,,,,,,,,.82615405,21.719999,12.57,14.67,14.3,,,,,,,,,
Kuwait,KWT,Asia,27207.131,,,,236.08737,100,.80943543,.35072953,41.03405,4.6153846,100,100,5.4960122,2861.1929,,,76.580002,75.488998,74.760002,7.5,8.1999998,6.8000002,4.3000002,.69999999,1.6721323,13.251,2.802,3.652673,1.045,4207077,2.0769999,,,2.0107756,174.15935,,,,,,,,,,5.4841957,,,,,47.620998,87.543999,72.749001,76.07,22.15,1.78,51.580002,88.720001,2.1670001
Kyrgyz Republic,KGZ,Asia,1226.8245,,,,33.661106,36.591,1.2688395,6.7629824,7.2759099,19.166666,69.262291,92.38868,4.4945412,260.34903,,5.6026001,75.800003,71.599998,67.599998,16.4,18.200001,14.4,11.7,3.2,2.0878761,26.9,5.1999998,7.3138905,1.058,6456200,3.3,,.2,4.19416,134.39474,29.700001,25.799999,,.2,19.4,2,2.1976819,.92536926,3.4972725,1.5586922,39.439999,15.2,25.17,40.900002,40.061001,69.907997,54.578999,55.330002,25.360001,19.32,47.34,77.699997,6.9180002
Lao PDR,LAO,Asia,2579.2537,,,,31.063501,35.645,1.0117973,72.053726,3.0447481,27.516779,17.587694,61.361446,2.5985236,212.37024,,.71710002,69.746002,67.922997,66.141998,36.5,40.599998,32.200001,7.5999999,3.2,1.517257,23.117001,6.3709998,6.5540471,1.05,7169456,2.6259999,,.30000001,1.0639582,60.843998,,,,,,,,,,,,,,,75.216003,77.93,76.569,25.620001,12.94,61.439999,80.489998,82.269997,.852
Latvia,LVA,Europe,16056.035,37.139778,23.804461,30.93531,30.755491,68.222,.24635197,54.749866,1.1300181,30,96.032196,81.086533,6.5781422,2098.4453,,4.6174002,80.099998,75.387802,70.900002,3.5,3.8,3.3,35.5,7,-.69523913,9.8000002,14.5,32.098957,1.063,1913822,1.61,,.60000002,26.69075,108.65723,34.5,26.6,27.299999,.2,.89999998,.30000001,3.9334152,4.082458,2.619745,2.0286691,25.940001,15.71,20.879999,43.5,52.661999,63.130001,57.366001,68.989998,23.719999,7.29,75.360001,80.230003,6.3099999
Lebanon,LBN,Asia,6815.9092,,,,670.15729,88.758003,.59814388,13.952102,.0013409173,4.6875,47.700001,16.534325,8.646615,1288.8082,,,80.869003,78.93,77.139999,6.1999998,6.4000001,5.9000001,3.8,1.7,-.053940482,17.377001,4.4569998,10.830693,1.05,6855709,2.075,,.1,6.1262774,61.816502,,,,,,,2.6547217,,,4.7079005,24.540001,17.200001,19.440001,28.9,18.662001,59.818001,39.131001,65.099998,23.59,11.32,25.629999,76.339996,11.35
Lesotho,LSO,Africa,1126.8439,,,,70.002205,28.584999,.32152405,1.1370224,3.8672101,23.333334,27.867008,45.8204,11.269464,313.6058,,,57.580002,54.331001,51.201,71.400002,78.199997,64.300003,116,30.1,.80026996,26.415001,13.926,7.867825,1.027,2125267,3.108,,22.299999,.21729024,79.125694,,,,,,,,,,1.6225202,10.59,7.0100002,8.5500002,31.700001,44.797001,56.014999,50.289001,42.389999,13.31,44.299999,63.080002,76.669998,22.440001
Liberia,LBR,Africa,650.41339,,,,51.260113,51.615002,.36744851,79.39888,14.23723,12.328767,,,8.4700575,126.02078,,,65.497002,64.103996,62.715,59.5,65,53.799999,5.5999999,3.3,2.4272153,32.687,7.381,5.8713589,1.054,4937374,4.2470002,,1.1,.22279049,39.23138,,,,,,,,,,1.4014928,,,,,70.480003,78.378998,74.408997,47.23,10.15,42.619999,73.419998,80.739998,3.0150001
Libya,LBY,Africa,8993.0859,,,,3.8518324,80.392998,.93190807,.12332769,44.973789,15.957447,,21.61705,,,,,75.950996,72.913002,70.097,9.8999996,10.9,8.8000002,6,2.9000001,1.4698224,18.299999,5.1009998,6.6073923,1.0599999,6777453,2.2060001,,.2,4.692029,54.858376,,,,,,,,,,,,,,,25.381001,50.935001,38.203999,59.169998,24.43,16.41,36.459999,68.830002,19.655001
Liechtenstein,LIE,Europe,,,,,237.625,14.371,,41.875,.0017258237,12,100,98.75,,,,,85.800003,84.160973,82.599998,,,,,,.26864037,9.1999998,6.8000002,,,38020,1.48,,,45.169521,125.58984,,,,,,,2.6301947,,,,,,,,,,,,,,,,
Lithuania,LTU,Europe,17241.256,,,,44.620522,67.855003,.24349016,35.132545,.33459601,21.276596,94.897491,93.915421,7.0060043,2796.8225,5.0398998,9.4452,81.199997,76.282928,71.599998,2.9000001,3.2,2.7,45.400002,9.6000004,-.26470435,9.8000002,13.7,31.153809,1.057,2794137,1.61,,.2,28.642241,134.23039,35.299999,27.5,26.299999,.40000001,.80000001,.5,3.4062524,1.4833254,5.6405249,2.0071507,27.74,17.01,22.440001,38.599998,54.143002,63.096001,58.202999,67.860001,25.700001,6.4400001,77.18,79.339996,6.2600002
Luxembourg,LUX,Europe,108570.03,,,,240.82759,91.223,.14098206,34.453827,.0088240858,25,99.451714,96.765335,5.37076,6756.8813,,,85.199997,82.639023,80.199997,2.3,2.5,2.0999999,15.3,7.0999999,1.962845,10,6.9000001,20.387642,1.046,620001,1.34,,.2,37.370338,135.75778,34.200001,25.799999,20.6,.1,.1,.1,.64963537,.32827786,.96428913,.63773054,42.77,20.200001,30.540001,26.5,52.728001,61.717999,57.259998,88.510002,10.81,.68000001,66.879997,76.18,5.5900002
"Macao SAR, China",MAC,Asia,79747.461,,,,19466.443,100,,,.00033873346,,99.977913,65.487579,,,,,87.179001,84.244003,81.280998,,,,,,1.385628,10.894,4.0180001,14.995176,1.05,640446,1.228,,,31.228287,436.10303,,,,,,,.31228238,0,.64997107,,,,,,65.666,72.832001,69.07,89.940002,9.6599998,.40000001,72.510002,84.389999,1.75
Madagascar,MDG,Africa,488.91376,,,,46.354942,37.861,.31246054,21.387127,4.7330818,15.89404,19.852051,10.057917,3.6872838,65.232635,,,68.681999,67.041,65.417,37.200001,41,33.200001,7.5999999,3.4000001,2.656446,32.408001,5.9330001,5.3792419,1.03,26969306,4.026,,.30000001,.11123756,48.214069,,,,,,,,,,.623972,,,,,82.252998,87.004997,84.603996,27.15,8.7299995,64.120003,84.720001,89.610001,1.857
Malawi,MWI,Africa,401.39267,,,,197.58961,17.174,.19391656,24.222528,4.2420478,22.916666,,23.958933,7.3934116,81.700089,,,67.413002,64.263,61.101002,30.1,33.5,26.5,9.1999998,1.7,2.6409371,33.73,6.4180002,4.9026885,1.03,18628748,4.1269999,,8.3999996,.060970284,47.781136,38.5,31,,29.299999,71.300003,50.900002,,,,1.1240975,,,,,67.958,78.005997,72.829002,18.27,5.3699999,76.360001,73.910004,80.870003,5.7519999
Malaysia,MYS,Asia,11414.578,13.44193,11.38134,12.38611,97.244827,76.607002,.69447386,58.329601,6.5672646,14.414414,93.771866,,3.8251419,1132.9932,,3.4842999,78.317001,76.155998,74.234001,7.3000002,7.9000001,6.6999998,8.8999996,2.3,1.328849,16.608,5.1700001,9.9745579,1.0599999,31949788,1.983,,.30000001,9.2786255,139.59628,,,,,,,,,,1.0330226,11.03,9.3100004,10.98,,49.980999,75.388,63.035,62.720001,27.01,10.28,55.490002,80.940002,3.26
Maldives,MDV,Asia,10197.093,,,,1769.8567,40.237999,.38971463,2.7333333,.0027360376,4.5977011,,,8.0400114,1639.8002,,,80.778999,78.920998,77.523003,6,6.5,5.4000001,3.9000001,.80000001,2.914808,13.584,2.7639999,4.7625971,1.0700001,530957,1.84,,,10.013881,155.95392,29.299999,23.299999,,0,.5,0,.56501752,,,,,,,77.400002,33.647999,64.789001,54.233002,72.550003,19.129999,8.3199997,43.049999,86.589996,5.3400002
Mali,MLI,Africa,815.37909,,,,16.110624,43.136002,.36372164,10.896664,7.8556738,9.5238094,,19.229038,3.8938985,94.550346,,,60.084999,59.306,58.528999,60.299999,65.5,54.700001,5.3000002,2.9000001,2.9962554,41.035,9.4119997,4.9703588,1.05,19658024,5.7849998,,.89999998,.72500646,116.62145,,,,,,,,,,2.7135265,,,,,53.279999,74.82,63.918999,30,7.5599999,62.439999,60.040001,82.769997,7.4419999
Malta,MLT,Europe,28363.609,,,,1575.1937,94.678001,.11610813,1.4375,0,14.925373,100,91.867973,8.2144432,4039.615,,,84.599998,82.858536,81.199997,5.6999998,6.0999999,5.1999998,9.8000002,2.3,3.9313564,8.6000004,7.3000002,32.098316,1.0599999,504062,1.14,,,45.986801,144.05684,31,24.799999,20.1,.1,.40000001,.2,1.1353908,1.3661575,.90586686,.55490804,38.18,22.34,28.709999,29.200001,49.492001,69.105003,59.273998,80.07,18.92,1.02,64.489998,83.800003,3.6199999
Marshall Islands,MHL,Oceania,3612.6023,,,,326.61667,77.417,.84750354,52.222221,0,6.060606,,,16.3414,592.61237,,,,,,26.299999,29.299999,23,,,.64674336,,,,,58791,,,,1.7009406,27.21505,35.5,27.5,,.2,8.6999998,1.3,,,,,,,,,,,,,,,,,
Mauritania,MRT,Africa,1620.9967,,,,4.3908973,54.507,.53843021,.30881923,2.6735051,20.261438,,,3.3032973,187.0527,,,66.514999,64.925003,63.305,50.200001,55.400002,44.599998,4,2.2,2.7414834,33.262001,7.118,5.5416579,1.05,4525698,4.5029998,,.40000001,.23896877,104.09007,,,,,,,,,,1.9806632,,,,,24.624001,56.426998,40.462002,51.560001,17.610001,30.83,29.07,63.869999,10.393
Mauritius,MUS,Africa,10643.771,,,,623.50293,40.765999,.30953231,19.078817,.0024426375,20,,,6.1994371,1475.9573,,,77.559998,74.235855,71.07,14.3,15.8,12.7,16.299999,2.8,.032240044,10.2,8.8000002,16.961327,1.0420001,1265711,1.4,,1.4,24.195301,147.01482,,,,,,,2.1265368,.93356299,3.3494372,.1559383,42.029999,29.639999,34.41,,40.825001,68.775002,54.534,70.349998,23.68,5.9699998,52.810001,79.510002,6.3299999
Mexico,MEX,North America,9819.5332,,,,65.626961,80.444,.35863215,33.858818,2.3314886,48.200001,42.938961,54.881721,5.4330525,1110.9443,,2.3645999,77.878998,75.054001,72.203003,12.2,13.4,10.9,8.5,2.2,1.0913669,17.297001,6.0819998,11.169969,1.05,127575528,2.1029999,,.40000001,15.169881,95.657211,,,,,,,28.736702,5.9734116,52.128574,.5234825,36.619999,19.15,25.98,35.599998,42.977001,74.205002,58.008999,61.970001,25.549999,12.48,49.130001,82.379997,3.48
"Micronesia, Fed. Sts.",FSM,Oceania,2921.1455,,,,162.58714,22.812,.541421,91.985718,.014142511,0,,,11.44208,364.20901,,2.1529,69.596001,67.883003,66.232002,21.5,24.4,18.4,43.200001,12.7,1.0342286,22.712,6.6149998,6.5156541,1.056,113811,3.01,,,4.3930941,20.208233,,,,,,,.87864971,1.7875018,0,,,,,,,,,,,,,,
Moldova,MDA,Europe,3435.4819,22.203581,17.498581,20.05254,92.782204,42.726002,.96772742,11.752757,.25050917,25.742575,73.743172,,6.3779459,860.1947,2.5585999,3.9329,76.156998,71.901001,67.624001,12.7,14.1,11.2,26.1,4.0999999,-1.6095076,9.9300003,11.694,16.662424,1.058,2664974,1.2690001,,.80000001,16.583883,89.379448,26,22,,0,2.5999999,.1,2.9926362,1.4249007,4.695931,.35507303,,,,,36.463001,44.168999,40.105,57.32,21.719999,20.959999,44.830002,49.619999,5.0999999
Monaco,MCO,Europe,181709.34,,,,19223.977,100,,0,0,33.333332,100,100,1.5251174,3079.9146,,,,,,2.5,2.8,2.3,,,.73407584,,,,,38967,,,,52.551071,86.70311,,,,,,,,,,,,,,,,,,,,,,,
Mongolia,MNG,Asia,4394.9883,,,,2.0710545,68.542999,1.627563,9.1018248,15.509993,17.333334,29.691257,54.529522,3.7660782,484.38678,,,74.141998,69.870003,65.799004,13.8,15.4,12.1,30.700001,5.4000001,1.7185328,23.361,6.335,6.4439034,1.03,3225166,2.8670001,,.1,9.8387775,137.01366,,,,,,,6.3562622,2.4461331,10.377802,.70760953,8.7399998,6.1900001,7.4000001,43,50.643002,64.101997,57.200001,53.110001,21.58,25.32,58.869999,74.059998,5.4390001
Montenegro,MNE,Europe,7684.1802,,,,46.247437,67.150002,.5439586,61.486988,.52973211,28.395061,85.013222,45.626987,8.3298321,1983.6129,,,79.5,76.68293,74,2.0999999,2.3,2,31.700001,10.4,-.031987011,11.6,10.6,23.155315,1.0700001,622028,1.77,,.1,28.468901,183.28374,,,30.5,,,,3.6624904,1.5748924,5.7969894,1.4010698,6.8299999,7.3200002,7.0999999,28.200001,42.098999,55.673,48.73,73.440002,19.41,7.1500001,59.07,73.470001,15.12
Morocco,MAR,Africa,3044.9063,,,,81.720291,62.993999,.63353837,12.84358,.34196848,20.506329,78.370369,39.00631,5.3084512,424.50296,,,77.894997,76.68,75.422997,16.700001,18.4,14.9,9.6999998,4.6999998,1.2211787,18.5,5.0570002,11.106728,1.0599999,36471768,2.382,,.1,4.8019085,127.953,,,,,,,1.719138,.6366064,2.8187599,3.099936,,,,,20.728001,62.573002,41.222,43.66,23.09,33.25,23.370001,74.900002,9.2799997
Mozambique,MOZ,Africa,598.81372,,,,38.614975,36.528,.41245952,47.007946,12.425691,41.200001,,,7.8335114,104.81995,.084600002,.4727,63.671001,60.854,57.782001,54.299999,58.200001,50.099998,22,5.6999998,2.9070013,37.166,8.2080002,5.4564009,1.017,30366044,4.783,,,.23043838,48.650948,,,,,,,,,,1.419987,,,,,75.463997,76.927002,76.155998,21.190001,8.5900002,70.220001,77.93,78.769997,3.4660001
Myanmar,MMR,Asia,1548.4565,10.5911,7.7851,9.34653,82.802856,30.851999,.43877789,44.175884,5.5792594,11.316398,57.583626,60.767666,4.6785641,226.83073,.73689997,1.0821,70.119003,67.134003,64.045998,36.099998,39.900002,32.099998,4.9000001,1.1,.62569541,17.396999,8.2150002,8.8311453,1.03,54045424,2.138,,.80000001,.89897162,151.62338,,,,,,,,,,2.0949879,15.28,12.58,13.72,34.099998,45.362,74.514,59.193001,34.209999,16.940001,48.849998,50.169998,80.010002,.5
Namibia,NAM,Africa,4504.6172,,,,3.0299456,51.042,.3755492,8.1501169,1.4413042,42.708332,,,8.4970055,867.34833,,,66.515999,63.708,60.685001,30.9,34,27.700001,16.700001,3.2,1.8704023,28.152,7.8940001,6.0653968,1.01,2494524,3.3440001,,12.4,2.5381134,113.19387,,,,,,,,,,3.0929327,,,,,45.033001,49.400002,47.110001,61.75,16.4,21.85,57.209999,64.220001,19.988001
Nauru,NRU,Oceania,8325.9014,,,,538.20001,100,.66949338,0,0,10.526316,,,9.7817163,1389.7325,,,,,,24.6,27.1,21.9,,,.80216825,,,,,10764,,,,,92.971367,,,,,,,,,,,,,,,,,,,,,,,
Nepal,NPL,Asia,1069.7891,,,,199.57248,20.153,.43946648,41.590721,.44296736,32.727272,19.178307,45.516781,4.4451509,176.95505,.80909997,3.3046999,72.208,70.778,69.259003,24.5,26.700001,22.200001,16.4,2.7,1.8094425,19.577999,6.322,8.9448261,1.0650001,28608716,1.876,44.200001,.1,3.6037977,135.25951,,,17.4,,,,,,,1.3765951,,,,,80.064003,81.698997,80.777,20.52,15.11,64.379997,85.300003,86.110001,3.0969999
Netherlands,NLD,Europe,48443.73,,,,515.14325,91.875999,.17416236,10.94654,.2490176,31.333334,99.973412,97.496941,10.130311,6248.1519,,,83.699997,82.112198,80.599998,3.5,3.9000001,3.2,15.5,8.3000002,.65507156,9.8000002,8.8000002,30.390574,1.052,17344874,1.5700001,,.2,43.624691,127.28452,29.200001,23.9,16.5,0,.1,.1,.63753414,.48938,.78686202,1.32293,75.199997,39.43,56.150002,26,57.791,67.484001,62.59,81.809998,16.110001,2.0799999,76.610001,85.18,3.3800001
New Caledonia,NCL,Oceania,,,,,14.841356,71.103996,,45.849014,.012474564,,96.411118,,,,,,80.400002,77.634148,75,,,,,,.23987465,14,5.8000002,13.834644,1.05,271300,1.9400001,,,19.451813,91.954025,,,,,,,,,,,38.099998,24.24,30.620001,,49.636002,59.210999,54.431,75.260002,22.870001,1.87,65.739998,76.589996,14.91
New Zealand,NZL,Oceania,40599.031,,,,18.91003,86.614998,.16824082,37.467319,1.5219846,40.833332,100,81.370033,9.7411766,4439.3496,,,83.5,81.707314,80,4.0999999,4.4000001,3.7,16.5,5.8000002,1.5911589,11.96,6.8699999,24.820129,1.0549999,4979200,1.72,,.1,35.49052,124.00004,,,,,,,2.6342957,1.110243,3.6577659,1.4260342,51.43,27.82,39.099998,,62.956001,72.610001,67.650002,74.870003,19.290001,5.8400002,76.75,85.169998,4.1100001
Nicaragua,NIC,North America,1982.6285,,,,54.391747,58.759998,.40378192,29.146833,1.259863,44.565216,55.443436,,8.4039259,474.5192,,,77.982002,74.485001,70.944,14.3,16,12.5,6.9000001,1.9,1.2297591,20.215,5.0749998,8.4375191,1.05,6545503,2.3770001,,.30000001,3.3246953,88.433739,,,,,,,7.8679972,1.5966169,14.321212,.60687566,,,,,45.652,78.505997,61.560001,53.16,16.24,30.6,52.860001,86.940002,5.211
Niger,NER,Africa,523.88422,,,,18.402716,16.517,.17605464,.86217731,6.1871161,16.959064,,15.808614,5.6686306,72.483231,,,63.620998,62.419998,61.280998,46.700001,50.900002,42.299999,7.1999998,3.3,3.7942066,45.637001,8.033,5.4597349,1.05,23310720,6.8239999,,.2,.047188599,51.988968,,,,,,,,,,2.6510439,,,,,62.042,84.293999,73.084999,20.75,6.71,72.540001,62.369999,84.550003,.55400002
Nigeria,NGA,Africa,2502.6523,,,,220.65242,51.157001,.22921132,23.925085,9.3569317,3.3802817,21.318064,29.904514,3.0266604,162.31247,,1.5007,55.618999,54.687,53.789001,74,80.400002,67.199997,5,1.9,2.564872,37.445999,11.63,5.1206174,1.059,200963600,5.3169999,,1.4,.04148015,91.853577,,,,,,,21.994032,,,.45917052,36.830002,28.040001,31.889999,31.4,45.429001,54.978001,50.235001,53.029999,12,34.970001,49.34,63.84,8.5299997
North Macedonia,MKD,Europe,5386.2002,,,,82.34314,58.208,.74203277,39.710152,.51501524,39.166668,76.782379,12.184403,7.2540998,1313.5571,,,78.599998,76.60244,74.699997,6,6.3000002,5.5999999,13.9,4.8000002,.022971839,9.6000004,9.8000002,20.26067,1.0599999,2076694,1.34,14,,21.805084,92.203064,,,39.900002,,,,1.151931,.38418946,1.9188242,1.1645942,17.52,12.6,14.58,28.200001,36.678001,55.223,45.896,54.950001,31.129999,13.92,54.650002,77.160004,17.26
Northern Mariana Islands,MNP,Oceania,18141.883,,,,124.37608,91.708,,52.95652,0,,90.639175,,,,,,,,,,,,,,.56791443,13.2,4,,,57213,,,,,,,,,,,,,,,,,,,,,,,,,,,,
Norway,NOR,Europe,76005.227,34.351158,24.157249,29.28993,14.647998,82.615997,.088444844,33.339909,6.9257345,40.828403,98.718071,65.038925,10.521347,7217.3867,4.8850002,18.3493,84.699997,82.958534,81.300003,1.9,2.0999999,1.7,15.8,7.6999998,.67506135,10.2,7.5999999,26.445429,1.058,5347896,1.53,,.1,42.027611,107.38025,27.700001,22.4,16.1,.1,.2,.2,.52055651,.60104126,.44169417,1.8530817,58.369999,41.240002,49.310001,32.700001,60.048,63.551998,61.812,78.540001,19.42,2.04,75.610001,80.599998,3.6900001
Oman,OMN,Asia,16694.133,,,,16.074287,85.443001,.91543758,.0080775442,26.662861,2.3255813,90.267761,,4.0719023,1160.7778,1.9301,4.085,80.343002,77.861,76.126999,9.5,10.5,8.5,6.8000002,1,2.9685791,18.513,2.4219999,3.259002,1.05,4974992,2.842,,.1,10.244207,138.23212,,,,,,,.46231231,.35491535,.51759076,8.6376915,,,,,27.580999,87.803001,69.887001,63.990002,32.009998,3.99,37.82,85.080002,1.848
Pakistan,PAK,Asia,1497.9868,,,,280.93259,36.907001,.58743209,4.8869343,1.1383449,20.234604,35.764,,3.3799272,165.55055,1.1179,.48320001,68.287003,67.273003,66.336998,55.700001,60.700001,50.400002,13.3,4.3000002,2.0229671,27.841,6.8930001,7.1299548,1.087,216565312,3.454,,.1,.94188118,76.376884,,,,,,,3.764684,,,4.1088161,48.619999,5.3600001,15.1,6.3000002,20.525999,76.377998,49.145,38.130001,24.959999,36.919998,22.629999,84.790001,3.5420001
Palau,PLW,Oceania,14754.603,,,,39.13261,80.470001,.94127357,89.847824,0,12.5,91.177544,,15.150489,2901.9253,,,,,,16.200001,18,14.3,,,.50122625,11.2,10.2,,,18001,,,,,133.27409,,,,,,,,,,,,,,,,,,,,,,,
Panama,PAN,North America,15073.001,22.341311,16.63147,19.62982,57.245079,68.058998,.20841603,56.959423,.31595212,21.12676,,,7.5840578,2490.9478,1.6324,3.2054999,81.755997,78.505997,75.420998,12.8,14.1,11.4,4.6999998,1,1.6519301,18.705,5.1079998,12.808831,1.05,4246440,2.437,,,12.613651,137.1897,49.799999,38,,.40000001,4.3000002,1.1,10.526464,2.216975,18.810835,0,33.740002,25.190001,28.76,,50.638,74.347,62.423,67.879997,17.719999,14.41,60.040001,84.209999,4.7259998
Papua New Guinea,PNG,Oceania,2816.7188,,,,19.37932,13.25,.30663604,79.250298,12.525213,0,,,2.3003609,104.61089,.066100001,.45289999,65.82,64.500999,63.271,36.200001,39.200001,33.099998,4.3000002,1.6,1.9537001,26.792999,7.3520002,5.7527151,1.08,8776119,3.52,,.89999998,.22789143,51.674381,,,,,,,,,,.36228126,,,,,46.162998,46.907001,46.540001,30.629999,13.23,56.150002,47.970001,48.860001,2.4489999
Paraguay,PRY,South America,5774.166,16.835991,11.00797,13.99211,17.731283,61.879002,.20183438,41.232319,1.3165932,15,64.018929,59.520126,7.1728101,950.14349,,,76.396004,74.253998,72.263,16.700001,18.4,14.9,8.6999998,3.2,1.2652386,20.341,5.539,10.312832,1.05,7044639,2.405,,.30000001,5.8510618,110.18097,45.700001,35.200001,26.75,.2,6.1999998,1.3,7.8641362,1.5590035,13.963017,.96822512,41.310001,26.34,32.540001,,55.080002,79.806,67.619003,63.139999,18.139999,18.719999,63.759998,88.099998,6.5900002
Peru,PER,South America,6613.8765,,,,25.398798,78.098999,.26392871,56.643124,4.1469088,30,50.988152,50.296337,5.2150688,711.62537,,,79.507004,76.736,74.059998,10.3,11.3,9.3000002,4.1999998,1.4,1.6161567,17.756001,5.579,12.649922,1.05,32510462,2.233,55.599998,.40000001,8.5633993,122.55939,41.599998,31.1,,.80000001,10.4,3,,,,1.1927732,42.939999,25.84,33.57,,67.425003,82.222,74.745003,57.43,15.2,27.370001,74.07,88.07,3.3800001
Philippines,PHL,Asia,3664.7908,27.01022,21.78455,24.411791,362.60062,47.148998,.36701387,23.992018,.72780806,27.960526,47.231548,59.450348,4.0767665,379.2366,,5.4439001,75.504997,71.231003,67.263,21.5,23.9,19,3.0999999,1.2,1.3644962,20.166,5.9200001,8.2776337,1.0599999,108116624,2.526,,.2,5.4756498,154.76108,,,,,,,4.406353,.80482447,7.9736986,.92026311,27.889999,23.530001,25.219999,29.299999,45.325001,71.001999,58.109001,58.029999,19.120001,22.860001,49.130001,75.239998,2.24
Poland,POL,Europe,15016.673,,,,124.0256,60.036999,.51766735,30.939857,.6785149,28.695652,98.32518,90.484848,6.446825,2206.5356,,,81.900002,77.904877,74.099998,3.8,4.0999999,3.5,20.1,3.0999999,-.024427107,9.8999996,10.8,27.162695,1.056,37965476,1.4400001,,,20.687305,127.72709,,,18.200001,,,,.66776162,.40968427,.94223815,1.9757464,32.369999,20.25,25.66,41.200001,46.396,62.995998,54.356998,58.709999,32.130001,9.1499996,63.509998,78.120003,3.28
Portugal,PRT,Europe,21617.412,23.223631,17.78618,20.72377,112.28858,65.764,.20075338,36.154995,.18387459,38.695652,95.361046,84.958229,9.5314598,3517.7234,,,84.800003,81.675613,78.699997,2.8,3.0999999,2.5999999,17.9,5.6999998,.023733495,8.3999996,10.9,34.720089,1.0599999,10286263,1.4299999,,.5,38.799397,116.46326,32.799999,26,,.1,.40000001,.1,.87031537,,,1.8357698,32.799999,24.719999,28.68,37,50.861,60.652,55.431999,69.830002,24.68,5.5,73.040001,78.690002,6.46
Puerto Rico,PRI,North America,30191.932,,,,360.05569,93.575996,,55.900787,0,,99.863335,32.509159,,,,,83.498001,79.928513,76.528999,,,,,,.010646546,6.4000001,9.1940002,30.756462,1.053,3193694,.98199999,,,20.792982,114.95056,,,,,,,20.658594,2.4652305,40.805595,,,,,,30.243,44.946999,37.105,83.699997,15.21,1.09,42.57,58.619999,8.3000002
Qatar,QAT,Asia,59149.34,,,,246.48137,99.188004,.54902506,0,17.332314,9.7560978,96.182785,97.199997,2.9106288,2736.825,,,82.010002,80.226997,79.141998,5.3000002,5.5999999,4.9000001,7.1999998,1.7,1.7952466,9.3850002,1.244,1.7944679,1.045,2832071,1.846,,.1,10.051987,138.32904,,,,,,,.38840833,0,.51557964,,,,,,58.221001,96.127998,88.221001,45.139999,53.700001,1.17,57.889999,95.449997,.1
Romania,ROU,Europe,11221.708,,,,84.195274,54.084,.34018299,30.115829,.85417753,21.884499,81.957703,82.338722,5.7444782,1906.5861,,,79.5,75.607315,71.900002,5.8000002,6.4000001,5.3000002,16.5,3.3,-.52681482,10.3,13.4,28.627691,1.058,19371648,1.77,,.2,27.251984,117.07471,34.799999,24.5,31.200001,.80000001,4.5999999,1.8,1.260034,.71383536,1.8368521,1.8425119,15.89,10.69,12.92,34.200001,44.061001,62.601002,52.984001,48.689999,30.07,21.24,59.130001,78.199997,3.9100001
Russian Federation,RUS,Europe,9958.4609,,,,8.8176956,74.586998,1.1656049,49.784336,12.994998,15.777778,76.007706,60.654217,5.6484914,1704.0397,,,78.169998,73.0839,68.239998,4.6999998,5.1999998,4.1999998,43.599998,9.1000004,-.049568664,10.1,12.3,22.6126,1.057,144406256,1.5039999,,,22.524923,164.38763,37.700001,30.200001,,0,.80000001,.1,7.6793218,3.7319858,12.245029,3.8321157,,,,42,52.916,67.269997,59.410999,67.379997,26.790001,5.8299999,68.970001,79.370003,4.5
Rwanda,RWA,Africa,885.63806,,,,511.83374,17.313,.11893162,11.147142,3.7767811,61.25,12.05466,,6.4106674,145.73892,.1182,.94800001,71.132004,69.024002,66.820999,31.1,34.099998,28,8.1999998,3,2.6073136,31.249001,5.1230001,5.2936249,1.026,12626938,3.99,,2.5999999,.070365369,76.491539,,,,,,,,,,1.2396451,48.560001,43.389999,45.759998,,82.962997,82.055,82.523003,29.08,8.6300001,62.290001,84.400002,83.739998,1.098
Samoa,WSM,Oceania,4504.9194,,,,70.896759,18.056,.33788043,58.327339,.23964901,10,46.230122,47.698788,6.3630939,433.19247,,3.4398999,75.463997,73.320999,71.323997,15,16.5,13.4,18,6.6999998,.49081913,24.1,5.2020001,8.6240387,1.08,197093,3.8299999,,,.85846055,42.61861,,,,,,,,,,,,,,,28.191999,50.444,39.687,44.91,24.889999,30.209999,33.540001,58.169998,8.4060001
San Marino,SMR,Europe,44552.184,,,,564.40002,97.367996,,16.666666,0,25,100,70.371498,6.3900852,4057.1619,,,,,,1.6,1.8,1.5,,,.23651856,6.6999998,7.1999998,,,33864,,,,32.725929,114.44182,,,,,,,,,,,,,,,,,,,,,,,
Sao Tome and Principe,STP,Africa,1672.8961,,,,224.00833,73.598,.41695279,54.708332,2.0467949,14.545455,35.828339,33.535912,5.5297623,226.80826,,,72.814003,70.385002,67.980003,13.5,15,11.9,2.2,.80000001,1.8851478,31.152,4.7610002,5.3927674,1.03,215048,4.2670002,46,.60000002,.76352209,77.078064,,,,,,,,,,,,,,,30.427999,63.215,46.715,62.919998,17.940001,19.139999,43.599998,76.169998,14.144
Saudi Arabia,SAU,Asia,19817.811,,,,15.941149,84.065002,.77125466,.45448413,25.171154,19.86755,,57.848873,5.6882877,2789.5598,,5.8174,76.759003,75.133003,73.934998,6.3000002,6.4000001,6.0999999,8.8999996,2,1.6647767,17.297001,3.5050001,4.7585506,1.03,34268528,2.2750001,24.4,,19.848967,120.51475,,,,,,,.83166689,,,7.812685,,,,,21.023001,78.446999,55.487999,72.790001,24.799999,2.4100001,23.309999,80.709999,5.6729999
Senegal,SEN,Africa,1384.397,,,,84.643234,47.653,.47073144,42.113747,2.7687538,41.81818,,23.764269,4.1322694,144.80397,.088100001,.54040003,69.917999,67.941002,65.757004,29.799999,33.200001,26.200001,9.1999998,3,2.7499621,33.952,5.5960002,5.7313762,1.036,16296362,4.5560002,25.5,.30000001,.93301183,109.72137,,,,,,,,,,1.5134792,75.32,56.919998,63.849998,21,33.542,55.671001,44.019001,56.779999,13.12,30.1,36.439999,58.889999,2.8599999
Serbia,SRB,Europe,6567.9097,16.288589,14.66973,15.51527,79.410416,56.259998,1.0073292,31.125315,1.2266693,37.651821,75.005241,18.229486,8.6720648,1686.0693,,,78.599998,75.936584,73.400002,4.9000001,5.4000001,4.4000001,16.6,6.3000002,-.53661001,9.3000002,14.6,28.516306,1.068,6945235,1.52,21.299999,.1,23.442459,122.04774,34.5,26,31.700001,1.2,4.5999999,2,1.0259651,.648076,1.4194484,2.2161057,23.24,17.709999,20.16,33.599998,41.849998,56.5,48.953999,56.959999,27.43,15.61,61.029999,74.150002,10.39
Seychelles,SYC,Africa,16989.959,,,,212.22826,57.118999,.36777014,73.260872,.1037323,21.212122,,,5.1902914,1468.7208,,,78.400002,74.046341,69.900002,12.3,13.1,11.4,14.4,1.4,.88792527,16.4,8.1000004,11.402065,1.0599999,97625,2.3599999,,,27.59799,198.15222,,,,,,,10.231121,,,1.3353612,10.1,10.35,10.27,47.299999,,,,,,,,,
Sierra Leone,SLE,Africa,649.76031,,,,108.24615,42.484001,.1772801,35.392216,7.4788413,12.328767,10.261514,13.781752,8.7497663,156.99834,,,55.494999,54.695999,53.853001,82.400002,88.800003,75.800003,8.3000002,5.0999999,2.1090381,32.879002,11.512,5.2331743,1.018,7813207,4.1690001,20.9,1.5,,86.133606,,,,,,,,,,.73496771,,,,,54.667999,53.212002,53.943001,38.759998,6.7600002,54.490002,59.220001,58.389999,4.6490002
Singapore,SGP,Asia,61340.168,30.7934,34.09547,32.369652,7965.8784,100,.13542643,21.997208,.00016144764,23,100,100,4.0815291,4102.2734,,,85.900002,83.595123,81.400002,2,2.0999999,1.8,15,7.0999999,1.1442833,8.8000002,5,16.46373,1.073,5703569,1.14,,.2,25.911659,155.6474,,,,,,,.20674175,.25306234,.16456972,2.8653469,15.17,8.1099997,11.44,,60.192001,76.182999,68.583,84.410004,15.55,.029999999,69.720001,84.169998,3.0999999
Sint Maarten (Dutch part),SXM,North America,,,,,1223.7646,100,,10.882353,,,,,,,,,,,,,,,,,1.7284651,,,,,41608,,,,,,,,,,,,,,,,,,,,,,,,,,,,
Slovak Republic,SVK,Europe,18167.484,24.59314,20.974091,22.85792,113.439,53.729,.31366017,40.056156,.25454423,20,99.186134,81.930984,6.9586463,2267.0886,,,81.199997,77.665855,74.300003,4.8000002,5.1999998,4.3000002,21.200001,3.4000001,.13532807,10.5,9.8000002,23.678473,1.05,5454147,1.5700001,,.1,29.146954,135.59679,23.200001,18.799999,16.4,0,.60000002,.1,1.3927035,.53561884,2.0327399,1.7152261,27.049999,19.190001,22.74,33.299999,49.201,63.834999,56.257999,61.119999,36.09,2.79,66.480003,78.889999,5.75
Slovenia,SVN,Europe,24071.283,24.23929,18.703581,21.5091,103.71194,54.821999,.27053854,61.573071,.23410542,27.777779,98.274323,70.389114,8.5238647,3629.0144,,,84.5,81.529266,78.699997,1.8,2,1.7,31.4,8.3000002,.69630402,9.3000002,9.8999996,31.195896,1.056,2088385,1.61,,.1,30.208923,120.84642,24.4,20.700001,14.4,0,0,0,.48108053,.38315278,.57988721,1.0573941,35.18,23.540001,28.879999,40.5,50.615002,60.459999,55.486,61.610001,34.099998,4.2800002,72.169998,77.919998,4.4499998
Solomon Islands,SLB,Oceania,2289.5288,,,,23.930725,24.209999,.2347457,90.164345,19.733934,4.0816326,,,4.7736239,131.09265,,,74.865997,72.996002,71.300003,17.1,18.700001,15.5,27,1.9,2.5653927,31.955999,4.2319999,6.4561687,1.063,669821,4.3610001,,,.15601136,71.379456,,,,,,,,,,,,,,,83.233002,87.290001,85.276001,50.610001,12.13,37.259998,83.980003,86.669998,.755
Somalia,SOM,Africa,446.85422,,,,24.616486,45.554001,.099989459,9.6546526,14.053339,24.363636,,30.620275,,,,,59.132,57.396999,55.724998,74.800003,80.300003,68.800003,12,3.8,2.8551354,41.584999,10.669,5.6951113,1.03,15442906,5.9780002,.89999998,.1,.63459563,53.273655,,,,,,,,,,,3.6199999,5.9099998,5.46,27.700001,15.963,39.541,27.622999,17.309999,2.4100001,80.279999,23.059999,76.279999,18.827999
South Africa,ZAF,Africa,6125.7354,2.5787799,10.4878,8.0177603,48.271988,66.856003,1.2256057,14.085096,3.7430861,46.347607,,,9.109355,1187.3295,.79229999,,67.679001,64.130997,60.726002,26.299999,28.4,24.200001,37.599998,9.8000002,1.316292,20.129,9.3979998,8.2528973,1.031,58558268,2.381,,18.6,2.1352339,165.59995,,,,,,,36.416721,,,.97805738,17.809999,10.62,13.85,33.299999,33.667999,45.699001,39.535,72.410004,22.309999,5.2800002,54.07,66.309998,28.469999
South Sudan,SSD,Africa,,,,,17.505283,19.899,,11.325622,,28.45953,,,6.0421386,62.992046,,,59.382999,57.846001,56.351002,63.299999,68.400002,58.5,5.6999998,2,.78219706,34.653,10.342,6.1334953,1.04,11062114,4.619,,2,.001807973,20.086281,,,,,,,,,,3.5581849,,,,,62.852001,66.463997,64.646004,23.23,16.389999,60.380001,73.07,74.519997,12.226
Spain,ESP,Europe,28101.527,,,,94.350807,80.565002,.18117702,37.167721,.040505547,44,99.584641,95.665497,9.1321316,3983.9309,,,86.699997,83.831711,81.099998,2.7,3,2.5,11.4,4.1999998,.71771562,7.5999999,8.8000002,29.871122,1.064,47134836,1.23,,.30000001,33.413925,118.4398,34.299999,24.9,25.299999,.60000002,1.2,.69999999,.71250093,.52994317,.90154248,1.2334387,40.459999,21.15,29.969999,33.700001,44.264999,55.533001,49.752998,75.540001,20.43,4.0300002,69.239998,79.050003,14.1
Sri Lanka,LKA,Asia,4228.1494,,,,352.4317,18.584999,.25795582,34.206711,.076329209,5.3333335,,,4.0797968,569.573,1.1539,2.2604001,80.261002,76.977997,73.596001,6.1999998,6.8000002,5.5,22.299999,6.1999998,.61187595,15.544,6.75,16.62273,1.041,21803000,2.188,,.1,7.8143773,132.96259,,,16,,,,3.4796908,2.2452013,4.8175511,2.0111215,33.82,19.870001,24.66,25.6,30.653999,69.375,48.928001,47.150002,27.870001,24.98,37.580002,79.129997,4.3499999
St. Kitts and Nevis,KNA,North America,20472.385,,,,203.20769,30.799,.23113094,42.307693,0,13.333333,,,5.3963284,1506.5057,,,,,,12.9,14.2,11.6,,,.75234038,11.2,,,,52834,,,,38.579784,123.47652,,,,,,,22.712646,,,,,,,,,,,,,,,,
St. Lucia,LCA,North America,10914.503,,,,299.66394,18.754,.27066091,34.049179,.010352512,16.666666,,,4.3246074,697.71027,,,77.580002,76.203003,74.850998,21.6,23.4,19.6,14.3,1.7,.49631977,11.839,7.263,13.985651,1.03,182795,1.424,,,8.6355925,80.852341,,,,,,,25.164803,0,51.09919,,8.2600002,9.4799995,8.9099998,,54.053001,63.860001,58.853001,75.339996,14.69,9.9700003,76.370003,82.029999,15.32
St. Martin (French part),MAF,North America,,,,,760.03998,,,24.799999,,,96.699295,,,,,,83.199997,79.973167,76.900002,,,,,,1.9611077,14.5,4.4000001,,,38002,1.8099999,,,,,,,,,,,,,,,,,,,,,,,,,,,
St. Vincent and the Grenadines,VCT,North America,7792.1577,,,,283.57181,52.613998,.30170879,73.179489,.020080328,13.043478,,,4.7529125,620.29852,,,75.130997,72.533997,70.289001,13.4,14.5,12.2,1.3,.60000002,.34691593,14.087,9.3360004,14.310006,1.03,110593,1.872,,,19.635769,87.145195,,,,,,,17.180111,0,33.869904,,,,,,44.347,59.942001,52.27,70.040001,19.879999,10.08,63.900002,84.230003,19.280001
Sudan,SDN,Africa,1969.1201,,,,22.919292,34.936001,.24458984,9.9206152,10.699583,,,,4.573566,204.53532,,,67.186996,65.310997,63.466999,41,45.400002,36.099998,4.9000001,2.8,2.3914342,31.826,7.1170001,6.4523525,1.04,42813236,4.3470001,,.2,.076523058,77.112038,,,,,,,,,,1.6446211,,,,,21.124001,60.091,40.396999,44.810001,16.82,38.369999,30.6,69.150002,17.653999
Suriname,SUR,South America,9035.1973,,,,3.726686,66.095001,.50449967,97.490578,7.5990767,31.372549,55.534252,25.36006,9.7369957,1680.192,,,75.063004,71.681999,68.468002,16.200001,18.1,14.1,38.799999,11.8,.92902559,18.295,7.3930001,10.617145,1.072,581363,2.3940001,,1.3,13.831076,139.98679,,,,,,,5.1602869,2.4212406,7.8698397,,,,,,40.348,63.041,51.625999,67.589996,24.33,8.0799999,43.889999,69.519997,8.04
Sweden,SWE,Europe,53490.352,29.037889,21.047501,25.07959,25.237665,87.708,.063657045,68.699059,.38235393,47.277939,99.751472,94.917816,10.867493,6222.6592,,,84.800003,83.109756,81.5,2.2,2.4000001,2,19.9,9.5,1.0137223,11.1,8.6000004,32.486145,1.0599999,10278887,1.71,,,40.240856,128.4911,29.299999,22.700001,18.799999,.2,.40000001,.30000001,1.1059753,.49892291,1.7112395,1.0989431,55.689999,40.310001,47.619999,41.900002,56.931999,63.152,60.028999,79.889999,18.42,1.6900001,81.25,84.949997,6.8299999
Switzerland,CHE,Europe,88413.195,,,,217.00763,73.848999,.049303066,32.029282,.0086042769,41.5,94.248154,99.638626,11.291481,8532.4961,,,85.800003,83.904877,82.099998,3.5999999,3.8,3.3,20.200001,9,.71331364,10,7.9000001,28.447025,1.052,8575280,1.48,,.2,46.820499,126.71616,,,,,,,.53542155,.60036486,.46941072,.69925076,61.75,30.389999,45.040001,32.5,60.005001,70.612999,65.235001,77.07,20.34,2.5899999,80.099998,88.239998,4.3899999
Syrian Arab Republic,SYR,Asia,,,,,92.959389,54.820999,,2.8431084,3.1388214,13.2,,,,,,,78.102997,72.696999,67.941002,18.4,20.200001,16.5,3.2,.69999999,.73538059,23.219999,5.112,7.3024869,1.05,17070132,2.7709999,,.1,8.73071,113.57616,,,,,,,,,,,,,,,13.114,67.733002,40.269001,66.690002,23.190001,10.13,15.76,77.889999,8.7729998
Tajikistan,TJK,Asia,1174.0817,,,,67.15918,27.309,.86077374,3.046329,5.1338639,19.047619,55.21331,,7.1052938,250.76889,,,73.389,71.097,68.934998,29.200001,32.799999,25.4,5.6999998,2.8,2.3904901,30.038,4.7670002,5.1567631,1.0650001,9321023,3.556,,.2,.064370655,117.95922,,,,,,,,,,1.0383297,,,,,29.058001,46.946999,37.971001,39.490002,15.79,44.720001,30.66,52.279999,7.0609999
Tanzania,TZA,Africa,1071.3501,,,,65.483696,34.5,.20640418,52.172047,3.5404429,36.895676,,26.238277,3.8276932,99.348747,,,67.233002,65.456001,63.643002,35.799999,38.799999,32.599998,6.5999999,2,2.9603863,36.335999,6.2540002,4.8949456,1.03,58005460,4.8319998,,4.8000002,1.7923398,82.208176,,,,,,,,,,1.0177668,,,,,77.935997,86.112999,81.983002,28.440001,6.4699998,65.089996,81.099998,87.949997,2.2219999
Thailand,THA,Asia,6612.2275,17.475901,13.64308,15.62793,136.28291,50.692001,.58015096,38.96925,1.6676503,16.200001,,25.607815,3.7891209,731.30957,.9188,3.1522,80.900002,77.150002,73.459999,7.6999998,8.5,6.9000001,15,2.9000001,.28352594,10.168,7.7859998,17.530329,1.062,69625584,1.5140001,71.300003,1.2,14.518828,186.15858,34.900002,27.200001,,0,2.5,.1,,,,1.3527079,17.6,16.889999,17.219999,31,58.585999,74.980003,66.477997,45.73,22.84,31.43,66.809998,81.839996,.72000003
Timor-Leste,TLS,Asia,1466.8148,,,,86.96167,30.947001,.3268719,62.037659,44.697262,38.46154,,,7.1585059,220.30516,.7687,1.7555,71.635002,69.495003,67.491997,37.700001,40.900002,34.099998,5.3000002,2,1.9636763,29.284,5.9429998,7.3372612,1.05,1293120,3.9430001,,.2,.0066505871,110.21848,,,,,,,,,,1.2321415,,,,,58.047001,70.374001,64.251999,44.400002,16.32,39.279999,62.110001,72.730003,4.5050001
Togo,TGO,Africa,630.79053,,,,148.6001,42.248001,.46486306,22.287737,4.320878,16.483517,19.39493,9.1038342,5.726069,125.55871,.077600002,.46430001,61.917999,61.042,60.152,45.5,49.799999,41,13.8,3.9000001,2.4202359,32.707001,8.3240004,5.1454802,1.018,8082359,4.2589998,,2,.39467403,77.195007,,,,,,,,,,3.1462171,,,,,54.455002,57.044998,55.736,48.41,19.209999,32.380001,56.349998,60.650002,3.7190001
Tonga,TON,Oceania,4652.5884,,,,145.13472,23.107,.32909516,12.430555,.035844181,7.4074073,29.490971,34.095448,4.9814997,332.05203,,4.3348999,72.887001,70.906998,68.967003,10,11.2,8.8000002,5,2.5999999,1.24992,24.01,7.1020002,10.073332,1.05,104497,3.5179999,25.200001,,3.5437441,59.433079,,,,,,,2.8708959,1.9153053,1.9125578,,,,,,36.665001,54.235001,45.273998,49.759998,30.870001,19.370001,40.68,58.07,3.062
Trinidad and Tobago,TTO,South America,16320.039,,,,271.92377,53.187,.7550751,44.563354,8.3356409,30.952381,,,7.0200739,1834.9614,4.4759998,,76.223999,73.507004,70.874001,15.4,16.9,13.7,13.9,3.5999999,.36828408,12.578,8.5,16.202482,1.038,1394969,1.711,,1.1,24.325918,155.10873,,,,,,,38.567165,,,.70794773,,,,,47.202,67.405998,57.111,70.339996,26.639999,3.03,58.040001,79.260002,3.4219999
Tunisia,TUN,Africa,4208.0664,,,,75.274979,69.253998,.60777664,4.5133882,2.0756419,22.580645,79.062042,79.617989,6.9584594,789.05457,,,78.721001,76.698997,74.688004,14.5,15.8,13.1,4.6999998,1.9,1.1136695,17.089001,6.257,12.791622,1.053,11694721,2.174,,.1,10.183682,126.30528,,,,,,,4.882545,1.7467276,8.0717764,2.5645592,,,,,20.584999,59.830002,39.793999,52.75,33.459999,13.8,28.09,75.480003,15.13
Turkiye,TUR,Asia,11955.434,,,,108.40223,75.629997,.39785966,28.668789,.3826049,17.449665,,78.062271,4.3440981,1186.7393,,,80.563004,77.691002,74.723999,8.6000004,9.1999998,8,3.5999999,1.2,1.3145137,15.782,5.4429998,13.02763,1.05,83429608,2.0550001,,,17.058664,96.837166,41.900002,31.6,39.799999,0,3.5,.5,2.4044223,1.1217369,3.7912543,2.7102735,32.560001,18.67,23.08,17.5,28.816,63.381001,45.676998,56.57,25.32,18.110001,38.540001,77.949997,13.67
Turkmenistan,TKM,Asia,7692.5786,,,,12.644636,52.048,1.5941799,8.7821589,17.480268,25,94.812073,,6.568625,1063.8435,,,71.717003,68.191002,64.705002,36.599998,41.700001,31.299999,8.8000002,2.7,1.5465759,23.066,7.04,7.1035924,1.046,5942094,2.74,47.299999,,.13463278,157.80646,,,,,,,,,,,,,,,36.426998,53.112,44.535,39.490002,39.830002,20.68,47.490002,75.410004,4.2680001
Turks and Caicos Islands,TCA,North America,28693.061,,,,40.204212,93.360001,,11.073684,.0023441073,,,,,,,,,,,,,,,,1.3894056,,,,,38194,,,,,,,,,,,,,,,,,,,,,,,,,,,,
Tuvalu,TUV,Oceania,3933.156,,,,388.5,63.215,.21814564,33.333332,0,6.25,,,23.961813,1071.2986,,,,,,19.299999,21.5,17,,,1.2953548,,,,,11655,,,,,77.279755,,,,,,,0,,,,,,,,,,,,,,,,
Uganda,UGA,Africa,894.52039,,,,220.77393,24.361,.14797963,11.864902,7.3863301,34.858387,15.717837,,3.8252242,92.378738,,,65.622002,63.368,61,33,36.400002,29.5,7.5999999,1.7,3.5419321,37.376999,6.381,3.8080099,1.03,44269588,4.8239999,,5.5,.073120162,57.365566,42.700001,34.5,,13.7,56.400002,32.200001,10.65743,,,1.769798,,,,,64.856003,71.879997,68.242996,21.360001,6.5100002,72.129997,68.150002,73.900002,1.925
Ukraine,UKR,Europe,2425.6345,,,,76.607185,69.473,1.7139783,16.713842,1.8308789,20.518867,88.956863,71.977341,7.0986018,907.15967,,,76.980003,71.827316,66.919998,7.1999998,7.9000001,6.4000001,39.200001,6.5,-.53099418,8.1000004,14.7,24.801304,1.062,44386204,1.228,,.89999998,16.159132,130.62944,26.6,22.299999,,0,1.3,.1,,,,3.5224853,,,,,45.395,59.316002,51.707001,61.220001,24.959999,13.82,60.830002,72.860001,8.1899996
United Arab Emirates,ARE,Asia,40438.324,47.75185,45.893902,46.631458,137.5743,86.789001,.47800109,4.4677558,16.86578,50,,99.147697,4.2750492,2996.3633,,,79.314003,77.972,77.291,5.8000002,6.4000001,5.1999998,8,3,1.4386771,10.223,1.521,1.3747039,1.045,9770526,1.387,,,31.174944,200.63208,,,,,,,.65503126,.6991331,.63545489,,3.9400001,2.23,2.6400001,,46.041,89.345001,77.415001,64.389999,34.220001,1.39,52.900002,94.059998,2.23
United Kingdom,GBR,Europe,47750.879,,,,276.26309,83.652,.10932814,13.152565,.57976156,32,99.822479,98.081535,10.154027,5087.3813,5.8232999,10.2922,83.099998,81.20488,79.400002,3.7,4,3.3,11.8,4,.56413114,10.7,9,29.012493,1.051,66836328,1.63,,,39.79253,118.23456,,,,,,,,,,2.0130045,56.23,27.559999,41.110001,34.900002,56.396,65.496002,60.855999,80.830002,18.120001,1.05,73.620003,82.419998,3.74
United States,USA,North America,60687.23,,,,35.893177,82.459,.24178745,33.866928,.57477301,23.433874,97.14624,98.275223,16.767063,10921.013,,,81.400002,78.787804,76.300003,5.5,6,5,25,7.5,.45538127,11.4,8.6999998,24.845705,1.0470001,328329952,1.706,,.40000001,34.725368,108.09265,41.5,30.799999,,.80000001,1.1,.89999998,5.0655661,2.1577966,8.0342731,3.4270802,31.370001,18.92,24.77,40.799999,54.553001,65.487999,59.923,78.739998,19.91,1.36,67.870003,78.309998,3.6700001
Uruguay,URY,South America,16036.297,14.22666,9.1310301,11.84128,19.77906,95.426003,.11690883,11.484402,1.7079716,19.191919,,,9.3478317,2309.8428,,7.2172999,81.477997,77.911003,74.119003,5.8000002,6.4000001,5.0999999,34.5,8.8999996,.36003402,13.74,9.4729996,23.12863,1.05,3461731,1.9630001,,.5,29.245749,130.75314,39.700001,29.700001,,0,1.1,.1,11.352702,2.6818011,20.635342,2.059819,,,,36.5,49.945,66.316002,57.734001,72.760002,18.83,8.4099998,68.139999,82.550003,8.8800001
Uzbekistan,UZB,Asia,3161.4153,13.31259,19.65682,16.4321,76.222832,50.432999,1.0993634,8.3163738,13.164533,16,58.83942,,5.6176043,418.01346,,,73.829002,71.724998,69.592003,13.3,15.1,11.4,11.3,4.8000002,1.8764702,24.299999,4.5999999,6.8990035,1.062,33580352,2.7850001,,.2,13.938829,101.20759,,,,,,,1.2006652,.83476496,1.568378,,,,,,44.036999,67.968002,55.830002,51.27,23.02,25.709999,52.049999,78.5,5.8499999
Vanuatu,VUT,Oceania,2881.749,,,,24.600657,25.393999,.24300362,36.28384,.54214758,0,,,3.3603468,110.6409,,1.4205,72.153999,70.473999,68.985001,21.6,23.299999,19.799999,28.1,7.5999999,2.4326286,29.174999,5.197,6.2699475,1.063,299882,3.744,,,2.630368,88.441124,32.299999,24.700001,,2.3,32.5,10.6,.66692901,.67638862,.65773028,,34.23,41.48,38.209999,22.6,59.419998,76.685997,68.058998,29.139999,14.08,56.779999,61.669998,79.459999,1.801
"Venezuela, RB",VEN,South America,,,,,32.329041,88.239998,,52.45961,,22.155689,,22.853893,5.3670835,384.50449,,,76.003998,72.064003,68.327003,21.1,22.9,19.200001,3.5,.69999999,-1.2936381,17.566,7.118,11.711958,1.05,28515828,2.25,,.5,8.9809561,64.792915,,,,,,,,,,,,,,,33.997002,67.07,50.064999,76.809998,15.34,7.8600001,46.400002,79.209999,5.0960002
Vietnam,VNM,Asia,3250.5674,9.50352,11.03905,10.2479,307.76382,36.627998,1.0731395,46.476841,3.3933606,26.720648,,,5.2496557,558.87299,,,79.523003,75.400002,71.301003,16.9,19.1,14.5,10.4,4.6999998,.95428902,16.454,6.3800001,10.910588,1.113,96462112,2.05,66.5,.30000001,15.34528,141.22687,,,,,,,,,,,27.26,20.139999,23.530001,,68.919998,79.125999,73.929001,35.34,27.440001,37.220001,79.629997,86.519997,2.04
Virgin Islands (U.S.),VIR,North America,36273.094,,,,304.76859,95.832001,,56.457142,.21918254,,97.935997,,,,,,83.099998,79.668289,76.400002,,,,,,-.31075984,12.3,8.1999998,32.780827,1.0599999,106669,2.05,,,,76.497925,,,,,,,,,,,,,,,36.298,53.321999,44.254002,79.339996,18.74,1.9299999,67.360001,76.900002,12.468
West Bank and Gaza,PSE,Asia,3378.4346,,,,778.29004,76.440002,,1.6843854,0,,79.374245,65.144577,,,,,75.754997,74.053001,72.416,14.6,15.8,13.4,,,2.5117824,28.716999,3.4549999,5.4547582,1.05,4685306,3.5599999,,,7.3248391,86.325386,,,,,,,.70261061,.28512403,1.1083183,,45.720001,21.15,25.040001,21.700001,10.638,55.049999,33.051998,63.59,30.370001,6.0500002,19.15,72.809998,25.34
"Yemen, Rep.",YEM,Asia,1279.209,,,,55.234051,37.272999,.29755372,1.0398318,,.33222592,,18.568462,,,,,67.825996,66.125,64.443001,46.400002,50.400002,42.200001,7,4.5999999,2.3005941,29.872999,5.9829998,5.0145426,1.05,29161922,3.7,,.1,1.3099273,52.253071,,,,,,,,,,,,,,,4.6020002,59.979,32.283001,62.25,10.2,27.549999,6.29,72.209999,13.056
Zambia,ZMB,Africa,1348.7384,,,,24.026464,44.071999,.28227642,60.536514,11.555828,17.964071,,,5.3122029,192.51556,,,66.890999,63.886002,60.848,42.900002,46.599998,38.900002,12,2.7,2.8930178,35.776001,6.3210001,3.9596183,1.031,17861034,4.559,,11.6,.49768126,96.414413,,,,,,,,,,1.2193745,19,16.690001,17.76,30,60.756001,69.063004,64.806,39.830002,10.53,49.639999,71.290001,79.110001,12.52
Zimbabwe,ZWE,Africa,1414.8291,,,,37.858273,32.209999,.56754452,45.213001,5.3278952,31.851852,29.673569,25.963543,7.7035651,208.41232,,,62.898998,61.490002,59.798,38.099998,42.099998,33.799999,20,8.8000002,1.4211419,29.747,7.7729998,5.4329901,1.021,14645473,3.5309999,,12.5,1.3958175,90.102287,50.299999,,,13.5,51.799999,29.9,,,,.69860095,24.48,23.75,24.120001,28.1,76.123001,85.431999,80.391998,27.24,6.5700002,66.190002,79.110001,89.599998,4.8330002
